id,created_at,email,user_id,payload
997fe10f-9d2d-4760-a85f-6d8f52d83603,Mon Jan 26 2026 20:34:50 GMT-0400 (Horário Padrão do Amazonas),teste@teste.com,bea6b2b3-00d6-49d4-bca8-07d323d0218d,[object Object]
c31557c1-9126-470c-8c62-39830c700ff3,Tue Jan 27 2026 20:34:51 GMT-0400 (Horário Padrão do Amazonas),mario@teste.com,58655951-e7de-45cd-9ece-1327bae5d962,[object Object]
e46af4a0-a29d-4835-afab-e0fe84184574,Mon Feb 16 2026 10:52:15 GMT-0400 (Horário Padrão do Amazonas),e2e.auth.1771253532847@example.com,a7820bc0-b20f-4c4b-b443-b202e133ff41,[object Object]
5097a4ee-e8ec-44a4-a46e-42a23283e5d0,Mon Feb 16 2026 10:52:16 GMT-0400 (Horário Padrão do Amazonas),e2e.user.1771253535081@example.com,ecfc025e-9487-43e3-9223-a6382d3a925e,[object Object]
36044e5d-707f-44fc-93c8-57d7bba52ba6,Mon Feb 16 2026 10:56:41 GMT-0400 (Horário Padrão do Amazonas),e2e.user+1771253799436@example.com,3e9c4d3a-45dd-48ba-830f-776aa77479cd,[object Object]
67f170a6-48d1-4c52-be6a-138260943667,Mon Feb 16 2026 10:59:22 GMT-0400 (Horário Padrão do Amazonas),e2e.auth.1771253960766@example.com,eeddcc3a-95c1-4cf6-9b54-57f01300a1a9,[object Object]
c8874d2a-8074-485d-b07b-b5cc8e7adb37,Mon Feb 16 2026 10:59:22 GMT-0400 (Horário Padrão do Amazonas),e2e.user.1771253960907@example.com,f69b4827-ee79-4a3b-b944-a756738a70a5,[object Object]
5e44770d-ca5c-434a-a26d-9eca94ee0b1f,Mon Feb 16 2026 11:01:19 GMT-0400 (Horário Padrão do Amazonas),e2e.user+1771254077283@example.com,7a6ef309-8039-4bbf-bb58-e23779744415,[object Object]
125e5dab-0de8-4dd5-8805-605b63f8ea32,Mon Feb 16 2026 11:01:24 GMT-0400 (Horário Padrão do Amazonas),e2e.pending+1771254083121@example.com,38f8517b-99d3-41bd-8d17-6460dcc645f8,[object Object]
1f1ea5be-da98-4557-b223-c0dcb839f38e,Mon Feb 16 2026 11:02:39 GMT-0400 (Horário Padrão do Amazonas),e2e.user+1771254157426@example.com,5f904442-0d2d-4bc3-95d2-126fb69848b6,[object Object]
dc620422-8735-4ab7-b7d5-c5acda2ed105,Mon Feb 16 2026 11:02:44 GMT-0400 (Horário Padrão do Amazonas),e2e.pending+1771254163265@example.com,863ae66e-0676-4e80-8820-eced2cb5fe1a,[object Object]
b0dc83ff-3e08-44c2-a378-b33800aa3094,Mon Feb 16 2026 11:03:53 GMT-0400 (Horário Padrão do Amazonas),e2e.user+1771254232120@example.com,10714855-eb52-4922-a7c6-5dbb4e9949c2,[object Object]
e78e5407-84a0-4ef4-a89c-b7ccc8a9141f,Mon Feb 16 2026 11:04:39 GMT-0400 (Horário Padrão do Amazonas),e2e.user+1771254277870@example.com,b5bfb5f5-db2f-4372-ae65-1093ed2b9ec4,[object Object]
6f719b40-dbdf-4180-8823-98cd6afef518,Mon Feb 16 2026 11:07:00 GMT-0400 (Horário Padrão do Amazonas),e2e.user+1771254418557@example.com,6508960a-4cb9-4f08-b91b-019780ef00ed,[object Object]
5f666720-62db-4911-be53-4bbef6a6e8a6,Mon Feb 16 2026 11:14:50 GMT-0400 (Horário Padrão do Amazonas),e2e.user+1771254888407@example.com,308b09ea-253b-4eaa-ba1d-d44f1bac80bd,[object Object]
a62519f7-7826-4ab8-a378-71e0d15f7ac3,Mon Feb 16 2026 11:14:56 GMT-0400 (Horário Padrão do Amazonas),e2e.pending+1771254894894@example.com,9c977fb3-c8e9-4a9d-8eb2-bbdce070e2dd,[object Object]
2deb55e5-55f1-44f9-a95f-0f2ec236a363,Mon Feb 16 2026 11:22:21 GMT-0400 (Horário Padrão do Amazonas),e2e.user+1771255338341@example.com,f0a1bb6d-fe6e-476a-ba4b-c977a824b778,[object Object]
319cfaf5-79ac-425b-9b4c-11bdfa3ff967,Mon Feb 16 2026 11:23:48 GMT-0400 (Horário Padrão do Amazonas),e2e.user+1771255426015@example.com,2a2066da-2d28-429c-aedf-95813dfdfd9c,[object Object]
7b39ac48-a54a-4b73-b723-cc489b620925,Mon Feb 16 2026 11:23:52 GMT-0400 (Horário Padrão do Amazonas),e2e.pending+1771255431061@example.com,04f319e3-afcc-4511-9522-f60c41d8509c,[object Object]
d071db7f-168e-455f-813b-fbee4f5d53fc,Mon Feb 16 2026 11:24:52 GMT-0400 (Horário Padrão do Amazonas),e2e.user+1771255489977@example.com,eea4df97-294a-4ff0-aeda-4f56d4e603da,[object Object]
c275d692-8003-4a6d-b3a0-6e251d94e5cc,Mon Feb 16 2026 11:24:55 GMT-0400 (Horário Padrão do Amazonas),e2e.pending+1771255494669@example.com,d7581c31-c53f-4e2a-9bbc-5559c0637651,[object Object]
f1425515-1228-429a-bcf3-04eb41844d12,Mon Feb 16 2026 11:27:15 GMT-0400 (Horário Padrão do Amazonas),e2e.user+1771255633475@example.com,0f030ea5-d39b-4fe7-9bd9-dc6aa0e37e61,[object Object]
b06e2766-5ff7-4fa2-a546-12a4f15b5cce,Mon Feb 16 2026 11:27:20 GMT-0400 (Horário Padrão do Amazonas),e2e.pending+1771255639449@example.com,479bbaa5-4009-4c86-9fb6-9287c6e9b98e,[object Object]
77f19b95-657b-463d-9a94-d64e8485b41d,Mon Feb 16 2026 11:28:28 GMT-0400 (Horário Padrão do Amazonas),e2e.user+1771255706709@example.com,400bfe10-2b2d-406f-9e77-46c8b44f7544,[object Object]
4c09d3f1-e2de-4faa-839d-e639693232c9,Mon Feb 16 2026 11:28:32 GMT-0400 (Horário Padrão do Amazonas),e2e.pending+1771255711479@example.com,e10d60e8-7469-4865-8d5a-87eb005d48a1,[object Object]
0836e5a6-d66e-4c0b-9afb-1f93c004dda0,Mon Feb 16 2026 11:29:50 GMT-0400 (Horário Padrão do Amazonas),e2e.user+1771255788218@example.com,99a948ad-68a4-43f6-ba3e-69c534786b7d,[object Object]
fd830dc0-bdf9-4d91-b3af-f4311a23a6f9,Mon Feb 16 2026 11:29:52 GMT-0400 (Horário Padrão do Amazonas),e2e.pending+1771255791638@example.com,4f5c3068-c291-4db1-9cfc-17716163605a,[object Object]
b372ce7d-aa36-41c3-b486-849d1cb5bf2b,Mon Feb 16 2026 11:31:01 GMT-0400 (Horário Padrão do Amazonas),e2e.user+1771255859122@example.com,dc73472c-03c1-483e-b156-1f0d2d40b295,[object Object]
fd07b150-a75f-4db2-8fb0-649bc8dbc957,Mon Feb 16 2026 11:31:03 GMT-0400 (Horário Padrão do Amazonas),e2e.pending+1771255862818@example.com,e2758345-8f0a-4a2e-a823-eb58119539c2,[object Object]
8d65b04f-e78a-4556-9d49-0c58ad210579,Mon Feb 16 2026 11:32:21 GMT-0400 (Horário Padrão do Amazonas),e2e.user+1771255939335@example.com,0fee9e8c-2bb5-446e-a92a-adc454350f1a,[object Object]
eb5c3e9e-7126-4777-9577-0897c8b135f1,Mon Feb 16 2026 11:32:24 GMT-0400 (Horário Padrão do Amazonas),e2e.pending+1771255942650@example.com,560af8c9-2f11-45ad-bd24-4fd238cbf8a6,[object Object]
48f5fee9-4b55-45ba-b27a-62a772d1f7f7,Mon Feb 16 2026 11:46:01 GMT-0400 (Horário Padrão do Amazonas),e2e.user+1771256759759@example.com,3fc0e0e6-1464-44a9-8024-051332087b20,[object Object]
92a2d028-ed8c-4d60-b6e8-aa53dad4b70e,Mon Feb 16 2026 11:46:07 GMT-0400 (Horário Padrão do Amazonas),e2e.pending+1771256766168@example.com,555ea05a-33b5-4c6d-97ad-48e179a4ce9d,[object Object]
4049780c-5eef-48ea-8e54-1605f9daf40f,Mon Feb 16 2026 14:58:37 GMT-0400 (Horário Padrão do Amazonas),e2e.user+1771268312925@example.com,4d423a0a-892d-40b0-b15b-f195e795742e,[object Object]
0088d577-c30c-431a-890c-b794a68392d6,Mon Feb 16 2026 14:58:40 GMT-0400 (Horário Padrão do Amazonas),e2e.pending+1771268319310@example.com,e61e4c66-544e-4bdb-89fc-5565b62c5a73,[object Object]
658a2340-529a-4887-befc-9715aa6ec0d8,Mon Feb 16 2026 14:59:26 GMT-0400 (Horário Padrão do Amazonas),e2e.user+1771268363827@example.com,ab0868a5-6936-4b6d-8b09-a62c51e045d8,[object Object]
e8554352-e29d-4190-a14e-4ee95e31c0cd,Mon Feb 16 2026 14:59:28 GMT-0400 (Horário Padrão do Amazonas),e2e.pending+1771268367120@example.com,ce624b63-076d-49f9-9952-7c8e6acc0858,[object Object]
b87f912a-3464-4fa7-9282-ff78d38668f7,Mon Feb 16 2026 15:04:31 GMT-0400 (Horário Padrão do Amazonas),e2e.user+1771268668026@example.com,b6448d7f-6541-4566-861b-bd094ed36faf,[object Object]
42d74df3-f330-43b5-8374-31992ec455c7,Mon Feb 16 2026 15:04:32 GMT-0400 (Horário Padrão do Amazonas),e2e.pending+1771268671082@example.com,8aca5bb8-13d9-4b4a-82bb-fd651afd1ae6,[object Object]
fcfecbc1-638e-4f28-9047-3fd8151e5bf8,Mon Feb 16 2026 15:05:54 GMT-0400 (Horário Padrão do Amazonas),e2e.user+1771268752044@example.com,93e7a2f5-2f00-4a45-8a73-3d95b21f8a8a,[object Object]
d4a8e32b-b8cb-457d-9d50-ade51d875d67,Mon Feb 16 2026 15:05:57 GMT-0400 (Horário Padrão do Amazonas),e2e.pending+1771268756240@example.com,eec6fd4f-6db6-4e58-a11a-e414f742ef7a,[object Object]
fa9efa7f-2286-4924-b9f3-85fbdfcd2a3d,Mon Feb 16 2026 15:07:29 GMT-0400 (Horário Padrão do Amazonas),e2e.user+1771268847080@example.com,c408e80a-3125-428a-9090-351691aa2f48,[object Object]
ce0ab638-0c2d-467e-a81c-c17b9d891ef3,Mon Feb 16 2026 15:07:32 GMT-0400 (Horário Padrão do Amazonas),e2e.pending+1771268851178@example.com,e71e56ef-938e-4524-8967-9bab1a679716,[object Object]
de3ec861-94ba-4543-9739-650d3c257f3f,Mon Feb 16 2026 15:08:46 GMT-0400 (Horário Padrão do Amazonas),e2e.user+1771268923581@example.com,9d79bbb7-1425-4539-8f9a-eee5a92cd887,[object Object]
51d40912-11de-40cb-9708-d331715a4f0e,Mon Feb 16 2026 15:08:49 GMT-0400 (Horário Padrão do Amazonas),e2e.pending+1771268928188@example.com,64de409f-fcf9-4b39-9f7b-1fc7a35e8e69,[object Object]
5944f86a-25a0-466c-8c1e-bd5125847788,Mon Feb 16 2026 15:25:05 GMT-0400 (Horário Padrão do Amazonas),e2e.user+1771269902718@example.com,cfce9c35-4255-456a-82ab-a308df7c7a39,[object Object]
7d094514-a523-4b6c-88e4-52e1dad51924,Mon Feb 16 2026 15:25:10 GMT-0400 (Horário Padrão do Amazonas),e2e.pending+1771269909380@example.com,82fe0259-6bb1-4572-9ce5-e0e709c621e4,[object Object]
0d57e161-45ef-41ee-8f0b-709ca83be0fa,Mon Feb 16 2026 15:26:40 GMT-0400 (Horário Padrão do Amazonas),e2e.user+1771269998439@example.com,f49c0d4c-e063-4838-b715-8f2f28996490,[object Object]
afd570a0-094a-4e8a-b3bf-f365292aec3d,Mon Feb 16 2026 15:26:42 GMT-0400 (Horário Padrão do Amazonas),e2e.pending+1771270001382@example.com,62d6bbd3-3ec2-48ef-9cfc-cdc363b05ee0,[object Object]
3a2166f8-0d34-4fc0-a999-fcf0c4e48237,Mon Feb 16 2026 15:28:12 GMT-0400 (Horário Padrão do Amazonas),e2e.user+1771270090775@example.com,e8746d5c-7416-442b-bfa1-c8f55acf365a,[object Object]
be06c596-6524-403e-b718-d31c2efe4b3e,Mon Feb 16 2026 15:28:15 GMT-0400 (Horário Padrão do Amazonas),e2e.pending+1771270093972@example.com,61fac568-7e11-45f5-a9c6-18d073e88c1b,[object Object]
1e40cde5-8853-4c00-8a1b-81561e94459f,Mon Feb 16 2026 15:29:25 GMT-0400 (Horário Padrão do Amazonas),e2e.user+1771270163289@example.com,bd98624d-aeb5-454b-8c14-e6a5a3ff2e58,[object Object]
2667f163-a8fe-4f7d-b78a-00acdaa9f111,Mon Feb 16 2026 15:29:28 GMT-0400 (Horário Padrão do Amazonas),e2e.pending+1771270166633@example.com,acaeaffd-a59e-4f66-b5a4-ddbe135cd3d9,[object Object]
5c028817-75b9-4b1a-be0a-93df6830dd3b,Mon Feb 16 2026 15:34:32 GMT-0400 (Horário Padrão do Amazonas),e2e.user+1771270469460@example.com,be17fdf0-8901-40ad-be91-bee871205c38,[object Object]
079d02b7-3a90-4d38-b95d-c4bbbeae8919,Mon Feb 16 2026 15:34:44 GMT-0400 (Horário Padrão do Amazonas),e2e.pending+1771270481805@example.com,3b1e0a07-7d89-4c95-b2f5-d4d079331faa,[object Object]
03d24667-895a-43d2-9e24-fdeba7665d7f,Mon Feb 16 2026 15:35:26 GMT-0400 (Horário Padrão do Amazonas),e2e.user+1771270523816@example.com,7957680d-0435-4fad-8d13-0758bebdd881,[object Object]
7a2cf7db-fdab-46ea-b57e-8378ef8e4b97,Mon Feb 16 2026 15:35:30 GMT-0400 (Horário Padrão do Amazonas),e2e.pending+1771270529233@example.com,48b17454-d3c4-433e-9c37-d8bd9859c8c2,[object Object]
ca55604e-ddba-466a-b14c-b40af2871628,Mon Feb 16 2026 15:36:37 GMT-0400 (Horário Padrão do Amazonas),e2e.user+1771270594713@example.com,2351bf16-ae94-4b7c-8e09-d4b19f571e0e,[object Object]
b2de186d-d10c-40bf-ad98-f5d115b3bb8f,Mon Feb 16 2026 15:36:41 GMT-0400 (Horário Padrão do Amazonas),e2e.pending+1771270599597@example.com,9674a303-70fb-48aa-8aa0-dd63db8a8039,[object Object]
a5dfdc4d-168f-402b-bb7e-c537482db382,Mon Feb 16 2026 15:38:17 GMT-0400 (Horário Padrão do Amazonas),e2e.user+1771270695227@example.com,fbeb35cf-f4af-41bf-9819-492e0797b251,[object Object]
2bd9d8fd-b24c-420d-a411-615286253cb7,Mon Feb 16 2026 15:38:21 GMT-0400 (Horário Padrão do Amazonas),e2e.pending+1771270700265@example.com,5619cec5-8c87-44bd-bcda-0c619854223d,[object Object]
1d357982-30e0-41bc-9901-8407b5a8ee84,Mon Feb 16 2026 15:39:28 GMT-0400 (Horário Padrão do Amazonas),e2e.user+1771270766357@example.com,b7e2b6cd-6743-4a71-b7af-59880ab07270,[object Object]
e54a8bd0-1b36-4599-af8e-f6dc99d15fe9,Mon Feb 16 2026 15:39:33 GMT-0400 (Horário Padrão do Amazonas),e2e.pending+1771270771706@example.com,a435ed50-848c-4b18-9515-e75576cc5c0b,[object Object]
b34bac8b-3049-40dc-a008-8f1f283e9afe,Mon Feb 16 2026 15:43:49 GMT-0400 (Horário Padrão do Amazonas),e2e.user+1771271027204@example.com,fdd98b47-acae-4b52-bd13-315910ef3c40,[object Object]
f2ab77b3-4cb2-4edb-8713-c80dc1d7744f,Mon Feb 16 2026 15:43:51 GMT-0400 (Horário Padrão do Amazonas),e2e.pending+1771271030466@example.com,3e382e26-074e-4c4a-a7c2-42f012eb721e,[object Object]
9afbc14c-7a20-42aa-8052-27cd30fbb27a,Mon Feb 16 2026 15:45:00 GMT-0400 (Horário Padrão do Amazonas),e2e.user+1771271099222@example.com,fba9f0c1-fbb6-464a-9d26-2fe04a00626c,[object Object]
fbb53a4d-a9ef-4b8d-a82a-1197a9ffcd2f,Mon Feb 16 2026 15:45:04 GMT-0400 (Horário Padrão do Amazonas),e2e.pending+1771271103159@example.com,342bfbe7-6394-4601-8927-2a90d6bdad9a,[object Object]
2270db6a-00c7-44c4-8254-c32e964d942e,Mon Feb 16 2026 15:48:34 GMT-0400 (Horário Padrão do Amazonas),e2e.auth.1771271313004@example.com,3bfbf52d-9449-43da-a65b-de395eed3f18,[object Object]
5f5f91cf-2758-4931-ba7c-ca0f702a62c6,Mon Feb 16 2026 15:48:34 GMT-0400 (Horário Padrão do Amazonas),e2e.user.1771271312999@example.com,15041ac2-3b97-42f1-8bb1-948f78665c4b,[object Object]
5ea9279b-a61b-4d24-afaf-4a4d02ea9639,Mon Feb 16 2026 15:51:01 GMT-0400 (Horário Padrão do Amazonas),e2e.user.1771271460113@example.com,fb795bc3-a6d0-4222-8e6f-6814c1a3dcb7,[object Object]
28d65d86-cd21-4174-b2a9-2dc8aab22559,Mon Feb 16 2026 15:51:01 GMT-0400 (Horário Padrão do Amazonas),e2e.auth.1771271460216@example.com,7095e991-51c1-49da-acbb-18fe3c4b57e6,[object Object]
a22e0930-34ea-46c9-826c-ce0b6ae8fbe7,Mon Feb 16 2026 15:52:17 GMT-0400 (Horário Padrão do Amazonas),e2e.auth.1771271536748@example.com,74461251-dd95-4bb1-856b-f68f64f26a7d,[object Object]
5ac9f97e-5aef-4d6b-a05f-500c0eff40c0,Mon Feb 16 2026 15:52:17 GMT-0400 (Horário Padrão do Amazonas),e2e.user.1771271536973@example.com,af12623c-0049-426b-b5aa-ea0c1faebe78,[object Object]
54799f10-0325-4076-9505-a652d03fb9c2,Mon Feb 16 2026 15:53:26 GMT-0400 (Horário Padrão do Amazonas),e2e.user.1771271604921@example.com,8bfcfcd8-fc35-4c19-92dc-30bf929da580,[object Object]
7753a87f-f1f6-4c13-9ed9-050d77553795,Mon Feb 16 2026 15:53:31 GMT-0400 (Horário Padrão do Amazonas),e2e.auth.1771271610075@example.com,3891e782-1ba9-4d79-a940-90b49cb1bc51,[object Object]
e29e8dab-4830-4bd0-af15-5872871990b0,Mon Feb 16 2026 15:54:42 GMT-0400 (Horário Padrão do Amazonas),e2e.user.1771271681354@example.com,b57aea55-e09a-4fb2-9ccb-dcf80276490b,[object Object]
ae8bedc4-de2a-4e6d-a2bf-aa3cb39f5ce0,Mon Feb 16 2026 15:54:46 GMT-0400 (Horário Padrão do Amazonas),e2e.auth.1771271685599@example.com,b079c492-16f4-4f5d-925a-3e4f52310b45,[object Object]
e05c9cc2-11bb-4b89-9ded-5171f78412bc,Mon Feb 16 2026 15:55:57 GMT-0400 (Horário Padrão do Amazonas),e2e.user.1771271755639@example.com,0bb077da-d63a-44c3-9079-c67b49fe8a74,[object Object]
7a27ef9a-de49-48b1-ae77-bedd4ec39306,Mon Feb 16 2026 15:55:57 GMT-0400 (Horário Padrão do Amazonas),e2e.booking.1771271756813@example.com,7837ec8c-03ce-4231-8e66-46e0ae414ff9,[object Object]
6e4a22a9-398f-47bd-a3c2-65db536d6fe4,Mon Feb 16 2026 15:56:02 GMT-0400 (Horário Padrão do Amazonas),e2e.auth.1771271761201@example.com,022b76ba-5be6-4f48-9813-4cf6ef018868,[object Object]
fa781bf2-2dc8-47a5-aeca-bb0ed735ef01,Mon Feb 16 2026 15:56:56 GMT-0400 (Horário Padrão do Amazonas),e2e.user.1771271815713@example.com,342b3eee-bfae-4bb0-8093-7319af6ee626,[object Object]
ea6331bb-c31f-4963-8bdf-6a4530d04205,Mon Feb 16 2026 15:57:02 GMT-0400 (Horário Padrão do Amazonas),e2e.auth.1771271821001@example.com,158c50a2-2251-4f2b-8dc3-24eee3893baf,[object Object]
f0816412-0b2d-43d1-96fb-4119de9e4560,Mon Feb 16 2026 15:58:24 GMT-0400 (Horário Padrão do Amazonas),e2e.auth.1771271902904@example.com,d058a3ac-2aff-447a-8c4f-6d71966487d2,[object Object]
26810aa0-63cc-4c9c-86be-42fa5fcb266b,Mon Feb 16 2026 15:58:24 GMT-0400 (Horário Padrão do Amazonas),e2e.user.1771271902750@example.com,689a6c44-6403-47a5-8dfd-9bb328f02161,[object Object]
b1cdfe76-f839-42ee-8ebc-afc3287cb914,Mon Feb 16 2026 16:01:19 GMT-0400 (Horário Padrão do Amazonas),e2e.user.1771272078671@example.com,9dfb4341-253b-4b8d-b120-5d840c8f205a,[object Object]
ad45abd2-a6d8-4e8e-be0f-8c06d86f1112,Mon Feb 16 2026 16:01:19 GMT-0400 (Horário Padrão do Amazonas),e2e.auth.1771272078676@example.com,d5be6b7c-642f-4150-b5ae-16412d2ef2d8,[object Object]
e4a0e10d-46c5-4607-9931-08c269e8c6c3,Mon Feb 16 2026 16:02:24 GMT-0400 (Horário Padrão do Amazonas),e2e.user.1771272143406@example.com,e0b60dd7-9f7b-4647-a8b4-1c582bf075b5,[object Object]
c0e0319f-e50e-4b0c-8c9b-8f848f403b48,Mon Feb 16 2026 16:02:24 GMT-0400 (Horário Padrão do Amazonas),e2e.auth.1771272143609@example.com,6e507adc-e1f7-48fb-a10c-db825c794652,[object Object]
f4283d8d-113b-4241-a91b-623245cf0176,Mon Feb 16 2026 16:03:18 GMT-0400 (Horário Padrão do Amazonas),e2e.auth.1771272197450@example.com,da359fa5-3467-4d2e-b327-5b93560cba8d,[object Object]
e53913a5-2c58-4d2e-bce9-13c98a014e2c,Mon Feb 16 2026 16:03:18 GMT-0400 (Horário Padrão do Amazonas),e2e.user.1771272197735@example.com,80db919c-6578-4ae1-8850-7c02f6b9cd03,[object Object]
aae0f37b-724c-415c-a44b-a026063db52d,Mon Feb 16 2026 16:03:18 GMT-0400 (Horário Padrão do Amazonas),e2e.booking.1771272198276@example.com,2b506f04-a1c5-4793-8323-e078d8a30222,[object Object]
4f4a21dd-c3a4-4124-8604-033482584ec9,Mon Feb 16 2026 16:04:10 GMT-0400 (Horário Padrão do Amazonas),e2e.user.1771272249334@example.com,a697eb02-20a2-4821-8247-4d3c579fa3a3,[object Object]
98583696-0b36-4665-a798-2e3f925fc649,Mon Feb 16 2026 16:04:10 GMT-0400 (Horário Padrão do Amazonas),e2e.auth.1771272249559@example.com,871d0c5e-d6fb-45ca-90ac-e3b5814e7fca,[object Object]
56bdf51a-af1c-46e5-9936-8c55f717d403,Mon Feb 16 2026 16:04:10 GMT-0400 (Horário Padrão do Amazonas),e2e.booking.1771272250133@example.com,32118b54-aa22-4982-8fe8-488d52b7f2db,[object Object]
b3b5bd02-7167-4ca5-9ae4-b3625d10b58e,Mon Feb 16 2026 16:08:13 GMT-0400 (Horário Padrão do Amazonas),e2e.user+1771272491312@example.com,9bb51032-7ff4-4868-9ab8-2f0793d36c19,[object Object]
fad78624-ccd1-4229-8e3c-6a2479fe8d57,Mon Feb 16 2026 16:13:59 GMT-0400 (Horário Padrão do Amazonas),admin_novo@fab.mil.br,6e0d252b-a959-4eca-b91e-bc1f097387cf,[object Object]
f6fd42e5-17dc-410c-b6e3-5cf04db2e224,Mon Feb 16 2026 16:14:21 GMT-0400 (Horário Padrão do Amazonas),e2e.pending+1771272860044@example.com,9f43f52b-044f-4c15-beab-4d1e0fd78edc,[object Object]
3ef412ed-e159-4f54-8033-d30c3c59b540,Mon Feb 16 2026 16:16:09 GMT-0400 (Horário Padrão do Amazonas),e2e.user+1771272968671@example.com,5ebe247c-413e-4b80-8de2-848f74944d8e,[object Object]
d30d6800-7658-4d6e-986d-74d56c0e00a6,Mon Feb 16 2026 16:18:58 GMT-0400 (Horário Padrão do Amazonas),e2e.user.1771273137758@example.com,9a07cd37-6a94-4d60-ace9-745146bb6dd8,[object Object]
0129f6bc-615b-484f-9f4f-5f2b88a5267b,Mon Feb 16 2026 16:18:59 GMT-0400 (Horário Padrão do Amazonas),e2e.booking.1771273138614@example.com,22960042-4de3-4ac0-9eb5-b5d93df8ac3b,[object Object]
47fdc0fe-6619-4abc-b15e-e5a7d4395007,Mon Feb 16 2026 16:19:06 GMT-0400 (Horário Padrão do Amazonas),e2e.auth.1771273145036@example.com,d658c10d-2473-4ec0-bb14-627788f69525,[object Object]
e318a4c6-fcd3-4ac0-b81c-e2d8657a0042,Mon Feb 16 2026 16:21:29 GMT-0400 (Horário Padrão do Amazonas),e2e.user+1771273287994@example.com,4e2d4e1d-bfdc-4095-b1c8-69126f6f08a7,[object Object]
bdeac2cc-32f6-4eb3-b2bb-cc4d4b6d0049,Thu Feb 19 2026 08:01:53 GMT-0400 (Horário Padrão do Amazonas),teste@test.com,a3c39e60-b4d9-4b2f-9555-85b436ebcf57,[object Object]
