session_id,created_at,updated_at,authentication_method,id
8b5f8bdd-9751-418b-a7f1-eee82ac59547,Fri Mar 06 2026 09:55:26 GMT-0400 (Horário Padrão do Amazonas),Fri Mar 06 2026 09:55:26 GMT-0400 (Horário Padrão do Amazonas),password,67bb9acb-07ff-4780-84d0-28081d8ef800
083ba95e-fbb6-41f9-94ae-5c114081db18,Fri Mar 06 2026 09:55:32 GMT-0400 (Horário Padrão do Amazonas),Fri Mar 06 2026 09:55:32 GMT-0400 (Horário Padrão do Amazonas),password,00e4a20a-024f-4d9f-8c32-f09f15e459ab
cc1fbad8-70f8-4075-8c56-ada734b0ad5d,Fri Mar 06 2026 09:55:38 GMT-0400 (Horário Padrão do Amazonas),Fri Mar 06 2026 09:55:38 GMT-0400 (Horário Padrão do Amazonas),password,69dd417b-8bdf-40a3-a698-94d8beb937a7
8ab81080-5cd8-4111-8321-c558459d054e,Fri Mar 06 2026 09:55:44 GMT-0400 (Horário Padrão do Amazonas),Fri Mar 06 2026 09:55:44 GMT-0400 (Horário Padrão do Amazonas),password,9c09330e-476e-48f4-9442-8249b7ff86b1
cb147ff7-d94e-461d-8136-ea2d9066405d,Fri Mar 06 2026 09:55:48 GMT-0400 (Horário Padrão do Amazonas),Fri Mar 06 2026 09:55:48 GMT-0400 (Horário Padrão do Amazonas),password,a237605b-df29-49b4-b485-3cf6fa72b335
8ea523be-8f78-4137-8839-71d0bbc184c6,Mon Jan 26 2026 09:19:46 GMT-0400 (Horário Padrão do Amazonas),Mon Jan 26 2026 09:19:46 GMT-0400 (Horário Padrão do Amazonas),password,ca12c08a-364e-4f80-955a-c3ec2cec516c
c8b499d6-e8f6-4595-8e33-28c6e06ce70a,Fri Mar 06 2026 09:55:54 GMT-0400 (Horário Padrão do Amazonas),Fri Mar 06 2026 09:55:54 GMT-0400 (Horário Padrão do Amazonas),password,475cc686-0926-4535-959c-4ea7e9fcd6de
459caaf5-d047-414c-9c20-64133f402225,Fri Mar 06 2026 09:56:05 GMT-0400 (Horário Padrão do Amazonas),Fri Mar 06 2026 09:56:05 GMT-0400 (Horário Padrão do Amazonas),password,baf9b8fd-08dd-4683-8179-0ae2111d4b18
98e1e1c7-bb41-484f-a607-7b3b7c12c83f,Fri Mar 06 2026 09:56:09 GMT-0400 (Horário Padrão do Amazonas),Fri Mar 06 2026 09:56:09 GMT-0400 (Horário Padrão do Amazonas),password,7d7f9fe6-89a2-4dd3-85ec-71b6c4db61bf
1fe52529-cfcc-4291-9336-e7c3c2f65d44,Fri Mar 06 2026 09:56:14 GMT-0400 (Horário Padrão do Amazonas),Fri Mar 06 2026 09:56:14 GMT-0400 (Horário Padrão do Amazonas),password,9cf25fad-69bd-4874-9fe8-fb34f4bcf863
413685f1-14a4-4fff-be85-85a8ab1dad89,Fri Mar 06 2026 09:56:18 GMT-0400 (Horário Padrão do Amazonas),Fri Mar 06 2026 09:56:18 GMT-0400 (Horário Padrão do Amazonas),password,f23a15da-f819-4809-a2cb-40deae0f4af9
6cd0e1eb-ae91-4c02-b106-0b6901a1b5a4,Fri Mar 06 2026 09:56:22 GMT-0400 (Horário Padrão do Amazonas),Fri Mar 06 2026 09:56:22 GMT-0400 (Horário Padrão do Amazonas),password,d012dbaa-e6a3-4d9d-8058-e11597ce567c
a7ed3145-9310-445c-bf7b-c6324c8d9088,Fri Mar 06 2026 09:56:28 GMT-0400 (Horário Padrão do Amazonas),Fri Mar 06 2026 09:56:28 GMT-0400 (Horário Padrão do Amazonas),password,8faf107b-da80-4c46-ada3-890ba67c8781
ec3f7bc3-4e4b-45be-aba1-e34995dd529d,Fri Mar 06 2026 15:17:47 GMT-0400 (Horário Padrão do Amazonas),Fri Mar 06 2026 15:17:47 GMT-0400 (Horário Padrão do Amazonas),password,80319a00-576b-46c0-ac2b-e57ab1755d4b
f0e12675-6cfc-4b4c-be1d-d1f3e491b259,Fri Mar 06 2026 15:17:56 GMT-0400 (Horário Padrão do Amazonas),Fri Mar 06 2026 15:17:56 GMT-0400 (Horário Padrão do Amazonas),password,21e2d439-4464-45c0-b4d0-276a6b69c704
35577a4f-ba3e-4b30-b382-43d618248ceb,Fri Mar 06 2026 15:18:22 GMT-0400 (Horário Padrão do Amazonas),Fri Mar 06 2026 15:18:22 GMT-0400 (Horário Padrão do Amazonas),password,ee5ca9a1-048e-4d6f-aec9-1779d183164a
64284995-f36d-47e9-83f7-e7d171f4dc6c,Fri Mar 06 2026 15:18:26 GMT-0400 (Horário Padrão do Amazonas),Fri Mar 06 2026 15:18:26 GMT-0400 (Horário Padrão do Amazonas),password,ad273282-55ec-46d2-91e4-ed983d2a72b6
09219821-b900-49c1-9f30-76eb6474c730,Tue Jan 27 2026 20:34:51 GMT-0400 (Horário Padrão do Amazonas),Tue Jan 27 2026 20:34:51 GMT-0400 (Horário Padrão do Amazonas),password,4d1f74ba-0178-41dd-98a7-c87330c326bb
c0a4a04a-35e5-4e25-bb08-d31f234e329d,Tue Jan 27 2026 20:34:52 GMT-0400 (Horário Padrão do Amazonas),Tue Jan 27 2026 20:34:52 GMT-0400 (Horário Padrão do Amazonas),password,1435f2aa-9f9b-4f26-a4a1-b84e065e5dc4
99748e87-2b1b-44de-ac72-f7c6d343706c,Fri Mar 06 2026 15:18:30 GMT-0400 (Horário Padrão do Amazonas),Fri Mar 06 2026 15:18:30 GMT-0400 (Horário Padrão do Amazonas),password,2d53fd84-1326-49c3-8c11-44c23a217965
de84cf62-6fb8-41a0-97ff-d316f87c7f1f,Mon Feb 16 2026 10:56:47 GMT-0400 (Horário Padrão do Amazonas),Mon Feb 16 2026 10:56:47 GMT-0400 (Horário Padrão do Amazonas),password,22b31b87-c21c-4b08-a12c-53b1d51a1bf4
8cb9a4e7-9b3f-462b-8b2a-d6041f354eea,Fri Mar 06 2026 16:43:38 GMT-0400 (Horário Padrão do Amazonas),Fri Mar 06 2026 16:43:38 GMT-0400 (Horário Padrão do Amazonas),password,4f2b5e0b-f1fb-45f7-8eda-0686dc6c6e57
e6d1af67-de06-47a3-91d5-316c978730d6,Fri Mar 06 2026 16:43:46 GMT-0400 (Horário Padrão do Amazonas),Fri Mar 06 2026 16:43:46 GMT-0400 (Horário Padrão do Amazonas),password,1232aef2-4dd6-46ec-98c5-de7080b185ab
95386d31-6862-472e-be3c-da231703d182,Fri Mar 06 2026 16:44:23 GMT-0400 (Horário Padrão do Amazonas),Fri Mar 06 2026 16:44:23 GMT-0400 (Horário Padrão do Amazonas),password,35b2ff55-2f67-4687-9125-bd3e33298689
8a8c829c-c1f3-4bf8-b303-481732a2503b,Mon Feb 16 2026 11:01:24 GMT-0400 (Horário Padrão do Amazonas),Mon Feb 16 2026 11:01:24 GMT-0400 (Horário Padrão do Amazonas),password,e45121a2-2278-430e-87c5-fbb582277156
c5d8b0cb-733d-4a68-b9c3-9267663c2874,Fri Mar 06 2026 16:44:28 GMT-0400 (Horário Padrão do Amazonas),Fri Mar 06 2026 16:44:28 GMT-0400 (Horário Padrão do Amazonas),password,da515e1d-bc2e-4b1e-bc32-df08662eca9c
027ad8ed-ffbc-4117-85d9-5ddccd4af3a7,Fri Mar 06 2026 16:44:32 GMT-0400 (Horário Padrão do Amazonas),Fri Mar 06 2026 16:44:32 GMT-0400 (Horário Padrão do Amazonas),password,f285b945-94d0-4cff-9709-96a955670b05
f27f2cfe-8d30-43af-bdc3-fc04f24fb2a0,Mon Feb 16 2026 11:02:44 GMT-0400 (Horário Padrão do Amazonas),Mon Feb 16 2026 11:02:44 GMT-0400 (Horário Padrão do Amazonas),password,3388222d-0c7c-4e3a-9a3c-d03768907616
81d9b33e-a732-457c-8533-b31abb4142cd,Fri Mar 06 2026 16:47:39 GMT-0400 (Horário Padrão do Amazonas),Fri Mar 06 2026 16:47:39 GMT-0400 (Horário Padrão do Amazonas),password,880bab4c-f934-47f8-aab4-0d05e3756921
1e0ae7c5-98b4-4ee6-a1ef-406b7d8841a4,Mon Feb 16 2026 11:03:57 GMT-0400 (Horário Padrão do Amazonas),Mon Feb 16 2026 11:03:57 GMT-0400 (Horário Padrão do Amazonas),password,7a530588-70b4-481a-a041-73cddc55de6e
21ae7ed2-640c-48ad-b988-8545c25b40f0,Mon Feb 16 2026 11:04:42 GMT-0400 (Horário Padrão do Amazonas),Mon Feb 16 2026 11:04:42 GMT-0400 (Horário Padrão do Amazonas),password,a228b457-c3ea-4afd-93b5-ea72233c2e69
5c98c6ef-3825-4d94-92c4-adfa7d817ad3,Mon Feb 16 2026 11:07:04 GMT-0400 (Horário Padrão do Amazonas),Mon Feb 16 2026 11:07:04 GMT-0400 (Horário Padrão do Amazonas),password,2f95a865-9a02-4afa-be9b-87a4c7c94076
c073a467-e4c0-40b9-8914-d705973dc776,Fri Mar 06 2026 16:47:47 GMT-0400 (Horário Padrão do Amazonas),Fri Mar 06 2026 16:47:47 GMT-0400 (Horário Padrão do Amazonas),password,91866118-b42d-47ec-9bb0-1a9bd4ed6523
df1f4af2-05de-4bc3-a036-b66d73a3f61f,Mon Feb 16 2026 11:14:54 GMT-0400 (Horário Padrão do Amazonas),Mon Feb 16 2026 11:14:54 GMT-0400 (Horário Padrão do Amazonas),password,59395ae9-0862-4d03-b847-bb0748f8621f
779fcb8f-5196-4892-831d-499a102a595f,Fri Mar 06 2026 16:47:56 GMT-0400 (Horário Padrão do Amazonas),Fri Mar 06 2026 16:47:56 GMT-0400 (Horário Padrão do Amazonas),password,ad876ebb-db7b-4b5d-898b-6fe37b5a4cab
292c51e7-275b-4fbb-b8f8-c0966cec7aee,Mon Feb 16 2026 11:23:53 GMT-0400 (Horário Padrão do Amazonas),Mon Feb 16 2026 11:23:53 GMT-0400 (Horário Padrão do Amazonas),password,2a0fe7c9-e2d1-4ebc-98d2-30cdce288ce4
0e78fd15-771b-4146-9f02-be4724db6dea,Fri Mar 06 2026 16:48:22 GMT-0400 (Horário Padrão do Amazonas),Fri Mar 06 2026 16:48:22 GMT-0400 (Horário Padrão do Amazonas),password,f7f3a6f1-b179-48b5-ac18-73aac61dcb38
7575b413-1aaf-4228-87a6-907f59b3d97c,Fri Mar 06 2026 16:48:28 GMT-0400 (Horário Padrão do Amazonas),Fri Mar 06 2026 16:48:28 GMT-0400 (Horário Padrão do Amazonas),password,b3549644-a429-49e3-93e5-95ab4e59f3ab
1371e8a5-1d59-4021-be70-fd4bf9601380,Mon Feb 16 2026 11:24:56 GMT-0400 (Horário Padrão do Amazonas),Mon Feb 16 2026 11:24:56 GMT-0400 (Horário Padrão do Amazonas),password,11338462-e95e-47af-9348-4d18ea91fca2
eadc1570-e2c5-4125-a315-39a3ea6f65e8,Fri Mar 06 2026 16:48:33 GMT-0400 (Horário Padrão do Amazonas),Fri Mar 06 2026 16:48:33 GMT-0400 (Horário Padrão do Amazonas),password,5c103fa6-30d4-44c7-9f4f-68be95f6fa47
77492d60-b46b-4b86-8a41-0c5b347a3322,Fri Mar 06 2026 16:52:33 GMT-0400 (Horário Padrão do Amazonas),Fri Mar 06 2026 16:52:33 GMT-0400 (Horário Padrão do Amazonas),password,22f2357f-3759-424b-8061-7a67ac71dfa5
19a3c228-395a-46d8-80ef-688322c5458f,Mon Feb 16 2026 11:27:20 GMT-0400 (Horário Padrão do Amazonas),Mon Feb 16 2026 11:27:20 GMT-0400 (Horário Padrão do Amazonas),password,1fdc2dba-9f4c-436a-88cb-8493542e7af5
cdbd74ab-a2f1-48d3-a561-9ed908e19c21,Fri Mar 06 2026 16:52:39 GMT-0400 (Horário Padrão do Amazonas),Fri Mar 06 2026 16:52:39 GMT-0400 (Horário Padrão do Amazonas),password,28141086-7a9f-4880-ba3b-013b2b7a3a6c
00f9ae13-bd7c-4ab3-9a57-f06d84835fc3,Fri Mar 06 2026 16:52:45 GMT-0400 (Horário Padrão do Amazonas),Fri Mar 06 2026 16:52:45 GMT-0400 (Horário Padrão do Amazonas),password,d07fefd7-1578-46ef-bc71-76fbb4b71913
857ac4b4-6cdc-4105-81f6-bf5f10e71391,Mon Feb 16 2026 11:28:33 GMT-0400 (Horário Padrão do Amazonas),Mon Feb 16 2026 11:28:33 GMT-0400 (Horário Padrão do Amazonas),password,cb529859-eabb-410d-b933-29bdc2748068
80700f0a-394b-4201-9aa9-b9278ee281ae,Fri Mar 06 2026 16:53:15 GMT-0400 (Horário Padrão do Amazonas),Fri Mar 06 2026 16:53:15 GMT-0400 (Horário Padrão do Amazonas),password,136de524-cbe5-42dd-9724-b04501867872
c65f7aed-66d9-4edf-8cd5-30e650948d60,Fri Mar 06 2026 16:53:31 GMT-0400 (Horário Padrão do Amazonas),Fri Mar 06 2026 16:53:31 GMT-0400 (Horário Padrão do Amazonas),password,30e6576c-d3bd-452c-8385-911a5ad41389
f3585c5d-7dcd-4c45-b377-60f7766ce3df,Mon Feb 16 2026 11:29:54 GMT-0400 (Horário Padrão do Amazonas),Mon Feb 16 2026 11:29:54 GMT-0400 (Horário Padrão do Amazonas),password,8ca6be3b-1baf-40f7-a2a4-0e086a508146
82ba4391-11c3-492d-b278-63beccd3d27a,Fri Mar 06 2026 16:53:36 GMT-0400 (Horário Padrão do Amazonas),Fri Mar 06 2026 16:53:36 GMT-0400 (Horário Padrão do Amazonas),password,5c0a20a2-37a8-41c2-8aa7-f1412a783a53
58afa3f8-f4a4-446b-8cdd-dea3f2f2a610,Fri Mar 06 2026 16:54:20 GMT-0400 (Horário Padrão do Amazonas),Fri Mar 06 2026 16:54:20 GMT-0400 (Horário Padrão do Amazonas),password,f43134a5-f940-47c2-aabe-92e9b64eb93b
e1f1b08b-56f2-42d2-b90d-2c76450e70c0,Mon Feb 16 2026 11:31:05 GMT-0400 (Horário Padrão do Amazonas),Mon Feb 16 2026 11:31:05 GMT-0400 (Horário Padrão do Amazonas),password,4393ed5f-a147-4f76-b6b9-f6294b8e5c32
6bd3153e-7257-4cfe-a84f-4e7ad7932375,Fri Mar 06 2026 16:54:29 GMT-0400 (Horário Padrão do Amazonas),Fri Mar 06 2026 16:54:29 GMT-0400 (Horário Padrão do Amazonas),password,bacfbe8b-bb4c-4db8-bdb9-bd6f7393b9d2
2648db74-32ec-402c-aa49-c648a370093d,Fri Mar 06 2026 16:54:36 GMT-0400 (Horário Padrão do Amazonas),Fri Mar 06 2026 16:54:36 GMT-0400 (Horário Padrão do Amazonas),password,5ea81a5a-43a0-4ceb-b1e8-d264ca6bccca
70d78612-0f4a-40d9-b1c1-836e95a418da,Mon Feb 16 2026 11:32:25 GMT-0400 (Horário Padrão do Amazonas),Mon Feb 16 2026 11:32:25 GMT-0400 (Horário Padrão do Amazonas),password,e8430b50-e6b0-4989-8490-0231e5c1936a
43188614-9719-49f7-b80e-a6d9038da505,Fri Mar 06 2026 16:54:51 GMT-0400 (Horário Padrão do Amazonas),Fri Mar 06 2026 16:54:51 GMT-0400 (Horário Padrão do Amazonas),password,88c32117-e5ca-4086-8adb-0668b70e7675
ce2167d3-bc10-43ea-98d7-c10de572e0b3,Mon Feb 16 2026 11:46:06 GMT-0400 (Horário Padrão do Amazonas),Mon Feb 16 2026 11:46:06 GMT-0400 (Horário Padrão do Amazonas),password,b5422c8b-284d-45dd-b702-e9f7f37ac48d
cb875b53-de12-4644-91ec-79748896dfa5,Fri Mar 06 2026 16:54:54 GMT-0400 (Horário Padrão do Amazonas),Fri Mar 06 2026 16:54:54 GMT-0400 (Horário Padrão do Amazonas),password,694205be-2e70-4f17-9c58-709915626e89
59f59227-7d90-419a-9059-43b00d0edfad,Fri Mar 06 2026 16:54:59 GMT-0400 (Horário Padrão do Amazonas),Fri Mar 06 2026 16:54:59 GMT-0400 (Horário Padrão do Amazonas),password,cca3b2e6-3507-4af3-a8e9-f4c4de9d36a7
a84f8ef3-6d72-4797-bf8b-831e281fbf52,Sat Mar 07 2026 06:59:30 GMT-0400 (Horário Padrão do Amazonas),Sat Mar 07 2026 06:59:30 GMT-0400 (Horário Padrão do Amazonas),password,8201384a-4715-4a88-8677-424bd2ac6cbf
58761e74-af85-439c-9a06-3f5db17a14f2,Mon Feb 16 2026 14:58:40 GMT-0400 (Horário Padrão do Amazonas),Mon Feb 16 2026 14:58:40 GMT-0400 (Horário Padrão do Amazonas),password,27f6bd41-4844-44d4-b01e-8b5c67415733
705f3aa8-b6d6-49c6-8c4d-922f02b5bdb0,Sat Mar 07 2026 06:59:41 GMT-0400 (Horário Padrão do Amazonas),Sat Mar 07 2026 06:59:41 GMT-0400 (Horário Padrão do Amazonas),password,29406a9f-7f9f-4e1e-a93f-8c979f1d5328
595f0820-2431-472a-948a-fcea6d3a5dac,Sat Mar 07 2026 06:59:49 GMT-0400 (Horário Padrão do Amazonas),Sat Mar 07 2026 06:59:49 GMT-0400 (Horário Padrão do Amazonas),password,e001d7c2-367f-4bdb-8842-c946658c2722
0e29da21-53bb-4b4b-96a9-337fdf866c69,Mon Feb 16 2026 14:59:30 GMT-0400 (Horário Padrão do Amazonas),Mon Feb 16 2026 14:59:30 GMT-0400 (Horário Padrão do Amazonas),password,be2537b3-ec30-4896-a77d-a5b4d0b806cb
163799e2-b6a4-4bcb-b573-3068f26960c9,Sat Mar 07 2026 07:00:06 GMT-0400 (Horário Padrão do Amazonas),Sat Mar 07 2026 07:00:06 GMT-0400 (Horário Padrão do Amazonas),password,ee047ce7-df58-4092-b2a1-e4c525670581
ca24d098-6001-40d3-8f6c-44d93deb4304,Sat Mar 07 2026 07:00:11 GMT-0400 (Horário Padrão do Amazonas),Sat Mar 07 2026 07:00:11 GMT-0400 (Horário Padrão do Amazonas),password,0ce2d402-2695-48fc-a0fc-2a4f52743acf
c91be664-67bc-4784-819b-d1431b1bb412,Mon Feb 16 2026 15:04:35 GMT-0400 (Horário Padrão do Amazonas),Mon Feb 16 2026 15:04:35 GMT-0400 (Horário Padrão do Amazonas),password,840ca225-9ecc-4209-98c7-d1d23a433b90
e3ca9de2-02c9-4aee-a7ad-25058ef1324c,Sat Mar 07 2026 07:00:15 GMT-0400 (Horário Padrão do Amazonas),Sat Mar 07 2026 07:00:15 GMT-0400 (Horário Padrão do Amazonas),password,7a9dffee-c7cd-4be0-a5bb-0c4944354779
b6d8c74c-18c6-4232-8f2b-359c6f7e9a62,Sat Mar 07 2026 07:08:18 GMT-0400 (Horário Padrão do Amazonas),Sat Mar 07 2026 07:08:18 GMT-0400 (Horário Padrão do Amazonas),password,3c2786df-779d-41ec-a054-83699747f720
04179c3f-bd1d-4fc1-afd4-656bb4ffc2ec,Mon Feb 16 2026 15:05:58 GMT-0400 (Horário Padrão do Amazonas),Mon Feb 16 2026 15:05:58 GMT-0400 (Horário Padrão do Amazonas),password,ad40d9be-19be-444f-9ff4-0cf541d1bdda
50f9c3c4-85f0-4234-a6aa-e2866176aeb0,Sat Mar 07 2026 07:08:28 GMT-0400 (Horário Padrão do Amazonas),Sat Mar 07 2026 07:08:28 GMT-0400 (Horário Padrão do Amazonas),password,7eeb62f2-98ca-414e-b963-fdfadee6e704
85a430a1-4697-440e-9e81-5143df7e496a,Sat Mar 07 2026 07:08:46 GMT-0400 (Horário Padrão do Amazonas),Sat Mar 07 2026 07:08:46 GMT-0400 (Horário Padrão do Amazonas),password,fe1f067a-8e8b-429b-b101-5c0d158ff623
44f44c53-44d6-4e5c-babe-bda83842a04d,Mon Feb 16 2026 15:07:33 GMT-0400 (Horário Padrão do Amazonas),Mon Feb 16 2026 15:07:33 GMT-0400 (Horário Padrão do Amazonas),password,3a622124-025a-4a73-a7cd-f1f069a10f69
f41dabe9-42e9-43f4-a31b-97804990e8ca,Sat Mar 07 2026 07:08:51 GMT-0400 (Horário Padrão do Amazonas),Sat Mar 07 2026 07:08:51 GMT-0400 (Horário Padrão do Amazonas),password,84831b2b-25d2-4705-92d4-a141b3496559
0f732102-777a-4d3d-a925-22231887ec48,Sat Mar 07 2026 07:08:54 GMT-0400 (Horário Padrão do Amazonas),Sat Mar 07 2026 07:08:54 GMT-0400 (Horário Padrão do Amazonas),password,f09611a3-e135-438d-8752-62a0bd29087a
6c116d1a-35e5-4bfe-8288-d53a6dbea61f,Mon Feb 16 2026 15:08:51 GMT-0400 (Horário Padrão do Amazonas),Mon Feb 16 2026 15:08:51 GMT-0400 (Horário Padrão do Amazonas),password,c9e45a5e-7db2-43eb-b23b-592436312590
97547649-933b-4326-a2ed-e7872cfbe364,Sat Mar 07 2026 07:13:36 GMT-0400 (Horário Padrão do Amazonas),Sat Mar 07 2026 07:13:36 GMT-0400 (Horário Padrão do Amazonas),password,708f0e54-785a-4b99-8275-47a5fb91b0c8
f971afde-e395-41d5-aa34-b191a942c51b,Mon Feb 16 2026 15:25:09 GMT-0400 (Horário Padrão do Amazonas),Mon Feb 16 2026 15:25:09 GMT-0400 (Horário Padrão do Amazonas),password,5b48b54f-1a3d-4994-83d8-79f6479e66bf
19ac2b44-da5d-49a9-a787-efa156b09156,Sat Mar 07 2026 07:13:47 GMT-0400 (Horário Padrão do Amazonas),Sat Mar 07 2026 07:13:47 GMT-0400 (Horário Padrão do Amazonas),password,037670aa-6905-4b2c-9e7e-a79756dc90c8
ea920b14-5a6b-4a27-9da5-8d659f371b39,Sat Mar 07 2026 07:14:07 GMT-0400 (Horário Padrão do Amazonas),Sat Mar 07 2026 07:14:07 GMT-0400 (Horário Padrão do Amazonas),password,a708578f-e92a-4e23-b7a3-9edc0f1b9186
a6396f75-6ab0-4bbd-bb35-ca65cc9c2247,Mon Feb 16 2026 15:26:43 GMT-0400 (Horário Padrão do Amazonas),Mon Feb 16 2026 15:26:43 GMT-0400 (Horário Padrão do Amazonas),password,69b81b9b-3e94-4a15-9dec-1939cdc02643
00207369-cc3b-40e9-9b08-35a7fea2d0bd,Mon Feb 16 2026 15:28:16 GMT-0400 (Horário Padrão do Amazonas),Mon Feb 16 2026 15:28:16 GMT-0400 (Horário Padrão do Amazonas),password,ddc0361e-832c-44aa-95f8-13bcf1bfea3c
4c9a7038-5848-4e5b-a3a9-1e01c0172571,Mon Feb 16 2026 15:29:29 GMT-0400 (Horário Padrão do Amazonas),Mon Feb 16 2026 15:29:29 GMT-0400 (Horário Padrão do Amazonas),password,26cb6372-c168-4e61-8aed-edff551621ca
df6ebc43-7b8d-4d1f-ba29-ff64eb8d1f93,Mon Feb 16 2026 15:34:41 GMT-0400 (Horário Padrão do Amazonas),Mon Feb 16 2026 15:34:41 GMT-0400 (Horário Padrão do Amazonas),password,29917b5b-b408-4dcf-9739-27fe6fb8edb7
e8c1f4a1-d01e-4480-baa6-abc3194c6918,Mon Feb 16 2026 15:35:33 GMT-0400 (Horário Padrão do Amazonas),Mon Feb 16 2026 15:35:33 GMT-0400 (Horário Padrão do Amazonas),password,357e35f3-d205-4176-9dc1-77b77dc5b6a0
8317d93b-cf9a-44f3-b921-18f330132ba5,Mon Feb 16 2026 15:36:43 GMT-0400 (Horário Padrão do Amazonas),Mon Feb 16 2026 15:36:43 GMT-0400 (Horário Padrão do Amazonas),password,db5ff888-525e-4660-b05c-697905bf8c64
4a269da2-b6bf-470a-bbce-fd7a5abb0c6f,Mon Feb 16 2026 15:38:23 GMT-0400 (Horário Padrão do Amazonas),Mon Feb 16 2026 15:38:23 GMT-0400 (Horário Padrão do Amazonas),password,10513994-9609-4b0a-9a06-b9d00e221365
74b3724a-4d7d-4786-b970-1c6a25b80c6f,Mon Feb 16 2026 15:39:36 GMT-0400 (Horário Padrão do Amazonas),Mon Feb 16 2026 15:39:36 GMT-0400 (Horário Padrão do Amazonas),password,0166bb3f-f63c-4daf-9ade-287971b67739
112a6119-7187-40c4-93c4-6db9e70084b8,Mon Feb 16 2026 15:43:53 GMT-0400 (Horário Padrão do Amazonas),Mon Feb 16 2026 15:43:53 GMT-0400 (Horário Padrão do Amazonas),password,ed4a86ec-142c-4d69-8e20-67958da4a52f
f1bd9a3a-190f-40f9-8219-feda5fee33d1,Fri Mar 06 2026 05:44:50 GMT-0400 (Horário Padrão do Amazonas),Fri Mar 06 2026 05:44:50 GMT-0400 (Horário Padrão do Amazonas),password,5073b41f-aac7-4fd7-9ea9-ddf961d17155
1b556a9a-eafe-4f27-813a-7721a270d453,Mon Feb 16 2026 15:45:04 GMT-0400 (Horário Padrão do Amazonas),Mon Feb 16 2026 15:45:04 GMT-0400 (Horário Padrão do Amazonas),password,fe666609-9eb0-4d44-98b2-e0ee17c8eeff
d20127c0-5972-4d40-9716-c2c446a2ea25,Mon Feb 16 2026 16:08:22 GMT-0400 (Horário Padrão do Amazonas),Mon Feb 16 2026 16:08:22 GMT-0400 (Horário Padrão do Amazonas),password,4ee76495-fb26-4594-b0cd-58b5acbda825
9bdbcadb-ade3-46a1-bd3d-01bdeb483a5f,Mon Feb 16 2026 16:16:15 GMT-0400 (Horário Padrão do Amazonas),Mon Feb 16 2026 16:16:15 GMT-0400 (Horário Padrão do Amazonas),password,0e311dc4-fac0-4bac-9956-9b491a802446
e4d3082b-7352-4de6-baec-ae54a8a0683a,Mon Feb 16 2026 16:21:33 GMT-0400 (Horário Padrão do Amazonas),Mon Feb 16 2026 16:21:33 GMT-0400 (Horário Padrão do Amazonas),password,acd56132-e1f7-4589-a858-2d67ce1238cc
932950e0-66c3-4d7a-b360-3009f97cdab9,Fri Mar 06 2026 15:42:22 GMT-0400 (Horário Padrão do Amazonas),Fri Mar 06 2026 15:42:22 GMT-0400 (Horário Padrão do Amazonas),password,39c3b8a1-e641-401e-90d8-05564fb83de0
f72499bc-b9a0-41ef-b21c-b8a1c6bb576f,Fri Mar 06 2026 15:42:29 GMT-0400 (Horário Padrão do Amazonas),Fri Mar 06 2026 15:42:29 GMT-0400 (Horário Padrão do Amazonas),password,e9c9e5b8-f409-4101-9e47-ec39d1327fa0
8f19e9e8-1e5d-46a3-90f3-9cfae7ad1b01,Fri Mar 06 2026 15:42:57 GMT-0400 (Horário Padrão do Amazonas),Fri Mar 06 2026 15:42:57 GMT-0400 (Horário Padrão do Amazonas),password,ac56dd61-7dc9-46c0-9e69-4d44c71f8c8f
4b9360ce-40cf-4c5d-a3a4-ba54b0d59a01,Fri Mar 06 2026 15:43:12 GMT-0400 (Horário Padrão do Amazonas),Fri Mar 06 2026 15:43:12 GMT-0400 (Horário Padrão do Amazonas),password,36e64ac5-9623-4cb5-8403-478ca4713c98
81fe4543-457e-4d82-886b-4cd2f08081a9,Fri Mar 06 2026 15:43:17 GMT-0400 (Horário Padrão do Amazonas),Fri Mar 06 2026 15:43:17 GMT-0400 (Horário Padrão do Amazonas),password,be1936bd-e953-452a-bd1c-94f944b0a4f6
32a57c5c-aa83-4501-9031-f61c136a683f,Fri Mar 06 2026 16:46:04 GMT-0400 (Horário Padrão do Amazonas),Fri Mar 06 2026 16:46:04 GMT-0400 (Horário Padrão do Amazonas),password,09b9926a-c897-48fa-8c8a-aa2e68f365b7
22e93fc4-ca04-4cbb-bc3c-67041612ec40,Fri Mar 06 2026 16:46:15 GMT-0400 (Horário Padrão do Amazonas),Fri Mar 06 2026 16:46:15 GMT-0400 (Horário Padrão do Amazonas),password,c8eb8ff0-765f-4ff0-a092-0293b679edc6
8130feaf-625c-4ac3-9c76-1ca1a8746aa0,Fri Mar 06 2026 16:46:33 GMT-0400 (Horário Padrão do Amazonas),Fri Mar 06 2026 16:46:33 GMT-0400 (Horário Padrão do Amazonas),password,9c648242-c96a-4bc1-9208-3c90bdefc85e
90ea96e5-187b-4355-b104-57708d04bd4f,Fri Mar 06 2026 16:46:38 GMT-0400 (Horário Padrão do Amazonas),Fri Mar 06 2026 16:46:38 GMT-0400 (Horário Padrão do Amazonas),password,8eb0009e-8a8b-4f51-9e63-8b623a2d6d2b
2adeaacd-b57c-41f0-835c-e600dc7a274d,Fri Mar 06 2026 16:46:42 GMT-0400 (Horário Padrão do Amazonas),Fri Mar 06 2026 16:46:42 GMT-0400 (Horário Padrão do Amazonas),password,4f6414fd-f00e-44e6-99ee-3ac0eb53b24b
33261233-a433-4665-a97e-fc25785ee5bf,Fri Mar 06 2026 16:50:18 GMT-0400 (Horário Padrão do Amazonas),Fri Mar 06 2026 16:50:18 GMT-0400 (Horário Padrão do Amazonas),password,f773273a-546e-4491-81b7-566e1155f219
b57726c4-4167-4a7a-aa4b-267558971b81,Fri Mar 06 2026 16:50:26 GMT-0400 (Horário Padrão do Amazonas),Fri Mar 06 2026 16:50:26 GMT-0400 (Horário Padrão do Amazonas),password,04d393b1-1750-44c2-b0f3-dbf5a0ed9516
08b435fe-1cbd-46fc-8eb6-668c3e4627bf,Fri Mar 06 2026 16:50:32 GMT-0400 (Horário Padrão do Amazonas),Fri Mar 06 2026 16:50:32 GMT-0400 (Horário Padrão do Amazonas),password,e5739eaa-829b-42ce-9b1b-ce0204bc3954
c1e2f3e5-df31-47ab-9ade-e20ef83c2221,Fri Mar 06 2026 16:50:56 GMT-0400 (Horário Padrão do Amazonas),Fri Mar 06 2026 16:50:56 GMT-0400 (Horário Padrão do Amazonas),password,53a338ab-c878-4a6f-af45-3be24a07cf8e
88340ac4-b759-43cb-862f-58ca263196a0,Fri Mar 06 2026 16:51:00 GMT-0400 (Horário Padrão do Amazonas),Fri Mar 06 2026 16:51:00 GMT-0400 (Horário Padrão do Amazonas),password,1b521bc0-ea59-448c-b8f9-f16456b9571e
5efc925f-6bb6-433d-8419-c4fad9149c0f,Fri Mar 06 2026 16:51:06 GMT-0400 (Horário Padrão do Amazonas),Fri Mar 06 2026 16:51:06 GMT-0400 (Horário Padrão do Amazonas),password,605700c8-e247-47a7-8bec-b1a775d26591
5d828e8f-7616-418a-81e3-e6d67766b13b,Fri Mar 06 2026 17:00:22 GMT-0400 (Horário Padrão do Amazonas),Fri Mar 06 2026 17:00:22 GMT-0400 (Horário Padrão do Amazonas),password,c598880d-b957-4c4d-bd4f-3bb3ade381de
39646196-5bf5-4db4-95b7-b43bc461223c,Fri Mar 06 2026 17:00:28 GMT-0400 (Horário Padrão do Amazonas),Fri Mar 06 2026 17:00:28 GMT-0400 (Horário Padrão do Amazonas),password,b96d2946-7c7e-418b-88c1-8362da86da5d
d7d0f164-5a01-4f3a-aed2-0aebdac6bc01,Fri Mar 06 2026 17:00:34 GMT-0400 (Horário Padrão do Amazonas),Fri Mar 06 2026 17:00:34 GMT-0400 (Horário Padrão do Amazonas),password,3734193c-305a-41aa-b527-bd34a88338cd
e5fdd198-9097-4469-8b0d-d6f7edd97294,Fri Mar 06 2026 17:00:57 GMT-0400 (Horário Padrão do Amazonas),Fri Mar 06 2026 17:00:57 GMT-0400 (Horário Padrão do Amazonas),password,bd7b5dac-50be-46f4-9f5c-5a934da9fc63
721bb5b2-a158-482f-87ea-8d898d70e2d0,Fri Mar 06 2026 17:01:01 GMT-0400 (Horário Padrão do Amazonas),Fri Mar 06 2026 17:01:01 GMT-0400 (Horário Padrão do Amazonas),password,010aaddb-b041-434c-9f7c-59dedacc241d
845f1026-39f7-480f-9309-69e1716d251e,Fri Mar 06 2026 17:01:05 GMT-0400 (Horário Padrão do Amazonas),Fri Mar 06 2026 17:01:05 GMT-0400 (Horário Padrão do Amazonas),password,9c00e91a-8808-4e40-8a1d-8d47094ead09
2054629d-8ea3-401b-8e07-387613ff1e60,Sat Mar 07 2026 07:04:13 GMT-0400 (Horário Padrão do Amazonas),Sat Mar 07 2026 07:04:13 GMT-0400 (Horário Padrão do Amazonas),password,bf9a62ab-db7a-46d1-8004-b91d4d4efeb9
8a1b7144-4c23-4af8-82e1-3e86ab5169ec,Sat Mar 07 2026 07:04:30 GMT-0400 (Horário Padrão do Amazonas),Sat Mar 07 2026 07:04:30 GMT-0400 (Horário Padrão do Amazonas),password,3662a91d-4c48-4b9d-bde7-93887b63ff1c
14840354-d1b4-4d44-b46e-1f772006fc69,Sat Mar 07 2026 07:04:35 GMT-0400 (Horário Padrão do Amazonas),Sat Mar 07 2026 07:04:35 GMT-0400 (Horário Padrão do Amazonas),password,dfaa6c60-3709-41c1-81c4-d4f1512e3ef4
b83c82e1-2732-4259-9cb6-b8bfae2847f6,Sat Mar 07 2026 07:04:40 GMT-0400 (Horário Padrão do Amazonas),Sat Mar 07 2026 07:04:40 GMT-0400 (Horário Padrão do Amazonas),password,d72b1d8c-3363-49dd-88b6-c26d3b6186f9
28d90f51-11b9-4dc2-879e-14f3d9e221a9,Sat Mar 07 2026 07:09:58 GMT-0400 (Horário Padrão do Amazonas),Sat Mar 07 2026 07:09:58 GMT-0400 (Horário Padrão do Amazonas),password,0741e8ef-d9f3-4f83-ae76-dc855a83b064
fe476b73-7bbd-4270-8bf3-78ccf29676d8,Sat Mar 07 2026 07:10:05 GMT-0400 (Horário Padrão do Amazonas),Sat Mar 07 2026 07:10:05 GMT-0400 (Horário Padrão do Amazonas),password,b25ba6e0-df3e-4a48-8ff9-e9defe5fb854
45d06ed5-6edb-431d-b809-4dba68e49664,Sat Mar 07 2026 07:10:14 GMT-0400 (Horário Padrão do Amazonas),Sat Mar 07 2026 07:10:14 GMT-0400 (Horário Padrão do Amazonas),password,d884af4d-54c3-4f1d-a9ca-7fe518bfc8da
6de387b8-6814-4b87-9ef4-9dce6bcac3a5,Sat Mar 07 2026 07:10:24 GMT-0400 (Horário Padrão do Amazonas),Sat Mar 07 2026 07:10:24 GMT-0400 (Horário Padrão do Amazonas),password,3b5ce07d-89fa-4b96-ad28-593b46f14665
4477864a-d850-4a35-8c0e-100193315b67,Sat Mar 07 2026 07:10:28 GMT-0400 (Horário Padrão do Amazonas),Sat Mar 07 2026 07:10:28 GMT-0400 (Horário Padrão do Amazonas),password,65ae7d45-08f7-4113-973e-c51dd91eb403
ced8f0fd-efd9-43d5-8c67-86d70acee57f,Sat Mar 07 2026 07:10:32 GMT-0400 (Horário Padrão do Amazonas),Sat Mar 07 2026 07:10:32 GMT-0400 (Horário Padrão do Amazonas),password,dd79d8e9-3bcd-4034-8976-933c8a8db560
9efa30e1-a66d-400b-8774-1bd3f1f5fe13,Sat Mar 07 2026 07:14:11 GMT-0400 (Horário Padrão do Amazonas),Sat Mar 07 2026 07:14:11 GMT-0400 (Horário Padrão do Amazonas),password,65fa8b41-ed21-47bc-9072-b3dd4bf752d3
8e12b40e-2821-40b7-9ae5-24f1b1a81708,Sat Mar 07 2026 07:14:15 GMT-0400 (Horário Padrão do Amazonas),Sat Mar 07 2026 07:14:15 GMT-0400 (Horário Padrão do Amazonas),password,35674e86-9660-487f-9965-10e7576a0b5e
cb5777a1-df0f-4396-a716-45119e4432db,Sat Mar 07 2026 07:14:19 GMT-0400 (Horário Padrão do Amazonas),Sat Mar 07 2026 07:14:19 GMT-0400 (Horário Padrão do Amazonas),password,d2de0c65-77c0-41c5-b1c4-98e52a513f93
21ed8c19-6920-438d-a95a-fb3f802c8f2a,Sat Mar 07 2026 07:15:24 GMT-0400 (Horário Padrão do Amazonas),Sat Mar 07 2026 07:15:24 GMT-0400 (Horário Padrão do Amazonas),password,b46bf9fe-28e6-4481-9ca4-61953b3fecd5
138fc4e3-71a3-441f-b278-655c138f2e20,Sat Mar 07 2026 07:15:46 GMT-0400 (Horário Padrão do Amazonas),Sat Mar 07 2026 07:15:46 GMT-0400 (Horário Padrão do Amazonas),password,aff4c4af-4738-44eb-b0fe-9fa83de56abf
1a8a5fe2-6e97-46cb-a3f1-83c5f1e26df9,Sat Mar 07 2026 07:15:52 GMT-0400 (Horário Padrão do Amazonas),Sat Mar 07 2026 07:15:52 GMT-0400 (Horário Padrão do Amazonas),password,83b11a1d-b8d5-4eeb-8e4f-157876df7829
72e7ad30-1a66-4f7b-a0ae-c407da58ff27,Sat Mar 07 2026 07:16:07 GMT-0400 (Horário Padrão do Amazonas),Sat Mar 07 2026 07:16:07 GMT-0400 (Horário Padrão do Amazonas),password,032e9716-501e-49d4-a77d-18a944fbf044
9be199dd-f80d-41f8-b004-c50223347617,Sat Mar 07 2026 07:16:11 GMT-0400 (Horário Padrão do Amazonas),Sat Mar 07 2026 07:16:11 GMT-0400 (Horário Padrão do Amazonas),password,6396cbe8-7625-4c8c-92b6-1cba548962f5
fcb14c05-5a4f-4f00-9eda-43c1981d8e7a,Sat Mar 07 2026 07:17:05 GMT-0400 (Horário Padrão do Amazonas),Sat Mar 07 2026 07:17:05 GMT-0400 (Horário Padrão do Amazonas),password,c5d26f4f-7d67-49bd-9117-0d368d234fdf
3a3c8599-b76e-4559-9145-84965c29472b,Sat Mar 07 2026 07:17:21 GMT-0400 (Horário Padrão do Amazonas),Sat Mar 07 2026 07:17:21 GMT-0400 (Horário Padrão do Amazonas),password,796f3066-8624-409b-99e4-e856ea80c039
476fdf58-4b06-440d-8e7b-5ab3969761ef,Sat Mar 07 2026 07:17:24 GMT-0400 (Horário Padrão do Amazonas),Sat Mar 07 2026 07:17:24 GMT-0400 (Horário Padrão do Amazonas),password,6fb02878-2a76-4195-a353-6fd414d145ae
ea5df78f-2f9d-47d1-af62-fc01ba28a4fa,Sat Mar 07 2026 07:17:28 GMT-0400 (Horário Padrão do Amazonas),Sat Mar 07 2026 07:17:28 GMT-0400 (Horário Padrão do Amazonas),password,ec90d6ac-3894-4bbe-8b36-0a0a0ffa1136
0667adc6-08d7-4b10-bb6e-96667c240d23,Sat Mar 07 2026 07:17:31 GMT-0400 (Horário Padrão do Amazonas),Sat Mar 07 2026 07:17:31 GMT-0400 (Horário Padrão do Amazonas),password,77377796-e773-4225-853c-e2eff261242e
059bcf58-94f1-485e-b8ea-95e505ddd4ca,Sat Mar 07 2026 07:18:45 GMT-0400 (Horário Padrão do Amazonas),Sat Mar 07 2026 07:18:45 GMT-0400 (Horário Padrão do Amazonas),password,a9587495-7e94-4367-ba1f-04a1bc6d09d5
e27a8b09-b7eb-4bf5-9e64-57933e756f5f,Sat Mar 07 2026 07:19:15 GMT-0400 (Horário Padrão do Amazonas),Sat Mar 07 2026 07:19:15 GMT-0400 (Horário Padrão do Amazonas),password,b4a20f30-a21d-409a-9dbe-7ffddc88f075
10051af9-7fa6-4a7a-a2af-e3a98ca7e721,Sat Mar 07 2026 07:19:19 GMT-0400 (Horário Padrão do Amazonas),Sat Mar 07 2026 07:19:19 GMT-0400 (Horário Padrão do Amazonas),password,78d7ad52-a5af-455b-b17a-5e388beab95c
fbeb3d17-c99a-48d0-aac8-7ab4185045c3,Sat Mar 07 2026 07:19:24 GMT-0400 (Horário Padrão do Amazonas),Sat Mar 07 2026 07:19:24 GMT-0400 (Horário Padrão do Amazonas),password,3ed2414f-8dba-4bcf-b88a-13c901f2bf03
2c577eb0-ff84-4a97-9e75-63901227baf4,Sat Mar 07 2026 07:19:31 GMT-0400 (Horário Padrão do Amazonas),Sat Mar 07 2026 07:19:31 GMT-0400 (Horário Padrão do Amazonas),password,e26e5fc7-a8c1-4787-9377-c9de7170098e
cb07e991-82af-499f-a037-19b6cb14e3a5,Sat Mar 07 2026 07:23:18 GMT-0400 (Horário Padrão do Amazonas),Sat Mar 07 2026 07:23:18 GMT-0400 (Horário Padrão do Amazonas),password,acb463bc-36d0-4475-a83c-253752d7bbbd
581f0dae-0e70-42ef-bc3b-9d43ab807d61,Sat Mar 07 2026 07:23:31 GMT-0400 (Horário Padrão do Amazonas),Sat Mar 07 2026 07:23:31 GMT-0400 (Horário Padrão do Amazonas),password,6a49a398-d197-4e5b-85b5-a7a0a3001ecd
caa7c369-5150-42ef-8955-1dfca3c35036,Sat Mar 07 2026 07:23:41 GMT-0400 (Horário Padrão do Amazonas),Sat Mar 07 2026 07:23:41 GMT-0400 (Horário Padrão do Amazonas),password,15f633cb-363c-4633-af9a-0e77a87ae0b6
0b271d04-9700-46e9-9f92-cc7da19ce4e9,Sat Mar 07 2026 07:23:58 GMT-0400 (Horário Padrão do Amazonas),Sat Mar 07 2026 07:23:58 GMT-0400 (Horário Padrão do Amazonas),password,4c98519c-aba5-46d7-b236-91c10ee1b10a
8fd76e48-d15a-4f37-9316-aab2ba84a1a4,Sat Mar 07 2026 07:24:03 GMT-0400 (Horário Padrão do Amazonas),Sat Mar 07 2026 07:24:03 GMT-0400 (Horário Padrão do Amazonas),password,d8b2de83-7094-4991-adef-fe588bcc5ddb
66fcff21-85a4-4cf2-b7bb-3551af6a5104,Sat Mar 07 2026 07:24:08 GMT-0400 (Horário Padrão do Amazonas),Sat Mar 07 2026 07:24:08 GMT-0400 (Horário Padrão do Amazonas),password,9328e8d6-9f61-4849-8a4e-c753deedfc02
f3cf5c9d-c8f3-4a42-ba58-6f2eed417ee9,Sat Mar 07 2026 07:24:13 GMT-0400 (Horário Padrão do Amazonas),Sat Mar 07 2026 07:24:13 GMT-0400 (Horário Padrão do Amazonas),password,94d4cd44-9570-4c11-9674-d497aae44bd4
dc16873b-4843-4030-bdc9-567a5b2a50cf,Sat Mar 07 2026 07:25:09 GMT-0400 (Horário Padrão do Amazonas),Sat Mar 07 2026 07:25:09 GMT-0400 (Horário Padrão do Amazonas),password,6eeda1ac-57b2-40ff-9e97-4164fcb562f3
1a15cb6e-889e-445a-ae21-f621cc95bf18,Sat Mar 07 2026 07:25:20 GMT-0400 (Horário Padrão do Amazonas),Sat Mar 07 2026 07:25:20 GMT-0400 (Horário Padrão do Amazonas),password,08d22b93-6f23-4b61-84d5-1d75ad3f5e47
ba9461fc-163a-4da6-b3ff-d2eb890f17f0,Sat Mar 07 2026 07:25:29 GMT-0400 (Horário Padrão do Amazonas),Sat Mar 07 2026 07:25:29 GMT-0400 (Horário Padrão do Amazonas),password,98bc7c90-a17b-4dac-bc1a-ec70417d2469
03a538d2-4071-4991-983d-13b05dfc4132,Sat Mar 07 2026 07:25:43 GMT-0400 (Horário Padrão do Amazonas),Sat Mar 07 2026 07:25:43 GMT-0400 (Horário Padrão do Amazonas),password,527e57cb-b5f3-474e-84fc-268324e29b0b
f6242e8a-592d-49fd-8af8-6731cb59f62b,Sat Mar 07 2026 07:25:58 GMT-0400 (Horário Padrão do Amazonas),Sat Mar 07 2026 07:25:58 GMT-0400 (Horário Padrão do Amazonas),password,2041dbcf-9b70-4826-88b1-e89ab3541dcf
cbacbb94-ab78-486b-9733-63ca4c07e76d,Sat Mar 07 2026 07:26:03 GMT-0400 (Horário Padrão do Amazonas),Sat Mar 07 2026 07:26:03 GMT-0400 (Horário Padrão do Amazonas),password,07ca6bf7-9766-403c-80ac-950382c3d155
15b021e7-c55a-4429-b6fa-cfa20a604732,Sat Mar 07 2026 07:26:09 GMT-0400 (Horário Padrão do Amazonas),Sat Mar 07 2026 07:26:09 GMT-0400 (Horário Padrão do Amazonas),password,bbb9636a-0c10-43e6-87dd-2e74cf19bbb7
7c7766ef-3a44-4a1f-8987-6035b07860a8,Sat Mar 07 2026 07:28:53 GMT-0400 (Horário Padrão do Amazonas),Sat Mar 07 2026 07:28:53 GMT-0400 (Horário Padrão do Amazonas),password,7be9a29c-4e82-4073-92e3-5ee53f1ac538
c5955c81-330b-4be2-9417-f6a8eda79829,Sat Mar 07 2026 07:29:04 GMT-0400 (Horário Padrão do Amazonas),Sat Mar 07 2026 07:29:04 GMT-0400 (Horário Padrão do Amazonas),password,6676c11e-39e8-45e7-83cb-bea57c1a5908
f8efa9ae-9556-4f5f-9330-a8b3e9984b8d,Sat Mar 07 2026 07:29:11 GMT-0400 (Horário Padrão do Amazonas),Sat Mar 07 2026 07:29:11 GMT-0400 (Horário Padrão do Amazonas),password,8205d3c9-80ed-4ee7-9701-4b8e48999e83
0a48ad06-58ef-411f-a784-5f0f87756514,Sat Mar 07 2026 07:29:19 GMT-0400 (Horário Padrão do Amazonas),Sat Mar 07 2026 07:29:19 GMT-0400 (Horário Padrão do Amazonas),password,3816cbc3-8293-4274-8d46-0b774c678822
f76f7a32-05fd-49c1-a041-c4aeab4a7314,Sat Mar 07 2026 07:29:28 GMT-0400 (Horário Padrão do Amazonas),Sat Mar 07 2026 07:29:28 GMT-0400 (Horário Padrão do Amazonas),password,a3f80daf-2467-441d-bebc-f2fb9a8f278f
acd9c3f2-2f75-4b4b-8434-9ec61b81f49a,Sat Mar 07 2026 07:29:31 GMT-0400 (Horário Padrão do Amazonas),Sat Mar 07 2026 07:29:31 GMT-0400 (Horário Padrão do Amazonas),password,c30af1eb-c0d5-4ad6-9745-939702bfe1d4
e6e08083-e506-416c-8504-e4b64e364f7f,Sat Mar 07 2026 07:29:34 GMT-0400 (Horário Padrão do Amazonas),Sat Mar 07 2026 07:29:34 GMT-0400 (Horário Padrão do Amazonas),password,1b48d164-4c79-4472-a1c4-290c77d6e86a
63606a85-6777-49af-b681-00eea8cdcc74,Sat Mar 07 2026 07:29:37 GMT-0400 (Horário Padrão do Amazonas),Sat Mar 07 2026 07:29:37 GMT-0400 (Horário Padrão do Amazonas),password,28d1f9b7-7a8b-49ca-902c-bb43b04c9b08
9aedd0e8-01f1-44df-b556-24e5feee1a57,Sat Mar 07 2026 07:31:48 GMT-0400 (Horário Padrão do Amazonas),Sat Mar 07 2026 07:31:48 GMT-0400 (Horário Padrão do Amazonas),password,fc66acee-708b-4f4b-b0fc-a42cbf6986af
6096fe7d-a80b-45df-a7ee-630813f8114f,Sat Mar 07 2026 07:31:55 GMT-0400 (Horário Padrão do Amazonas),Sat Mar 07 2026 07:31:55 GMT-0400 (Horário Padrão do Amazonas),password,2d6bfd4c-810f-4465-bcc4-da769795b591
c5a844d9-47f3-453f-b683-f16d0462c976,Sat Mar 07 2026 07:32:02 GMT-0400 (Horário Padrão do Amazonas),Sat Mar 07 2026 07:32:02 GMT-0400 (Horário Padrão do Amazonas),password,22275447-8670-41f6-a44a-fd99e14f0744
f6275fe1-92e7-41a7-ac5a-daa7b2c99c5f,Sat Mar 07 2026 07:32:11 GMT-0400 (Horário Padrão do Amazonas),Sat Mar 07 2026 07:32:11 GMT-0400 (Horário Padrão do Amazonas),password,35558872-3a2a-48f2-aa3d-4e4436f64f6d
fc583dc2-ee12-400a-a391-ede83e874f57,Sat Mar 07 2026 07:32:14 GMT-0400 (Horário Padrão do Amazonas),Sat Mar 07 2026 07:32:14 GMT-0400 (Horário Padrão do Amazonas),password,4cdcf56c-3906-44cb-a242-4aa6c6c106ab
ec5faee5-bfa9-4383-bea1-3f23babe9fc3,Sat Mar 07 2026 07:32:17 GMT-0400 (Horário Padrão do Amazonas),Sat Mar 07 2026 07:32:17 GMT-0400 (Horário Padrão do Amazonas),password,d7d88d4d-9feb-4c52-9ff9-3aa392428312
d593a33b-7342-454e-8752-7a64f5a8f5ed,Sat Mar 07 2026 07:34:59 GMT-0400 (Horário Padrão do Amazonas),Sat Mar 07 2026 07:34:59 GMT-0400 (Horário Padrão do Amazonas),password,48d1efd2-7566-43d8-866c-94d10fb35e31
5a1027ff-ecff-451d-a892-b2c3824f16b5,Sat Mar 07 2026 07:35:13 GMT-0400 (Horário Padrão do Amazonas),Sat Mar 07 2026 07:35:13 GMT-0400 (Horário Padrão do Amazonas),password,0d3a1995-df3c-4923-bc44-d21bdf257576
7221589f-2740-4571-88b7-30a8e6780d52,Sat Mar 07 2026 07:35:17 GMT-0400 (Horário Padrão do Amazonas),Sat Mar 07 2026 07:35:17 GMT-0400 (Horário Padrão do Amazonas),password,959e1315-b61f-4206-bc6e-a34f491fbd57
cea7c08b-8402-4040-9055-18481d2c6697,Sat Mar 07 2026 07:35:20 GMT-0400 (Horário Padrão do Amazonas),Sat Mar 07 2026 07:35:20 GMT-0400 (Horário Padrão do Amazonas),password,7f277a97-4762-443c-b13d-c006ea105725
e1d69601-fc48-4cdb-9836-46b482f6289e,Sat Mar 07 2026 07:36:18 GMT-0400 (Horário Padrão do Amazonas),Sat Mar 07 2026 07:36:18 GMT-0400 (Horário Padrão do Amazonas),password,9df7ef07-eb9f-48b4-9077-43c6c963f13f
e3be77ca-af57-4383-b2d3-09ac4b4aed15,Sat Mar 07 2026 07:36:31 GMT-0400 (Horário Padrão do Amazonas),Sat Mar 07 2026 07:36:31 GMT-0400 (Horário Padrão do Amazonas),password,9712f582-818c-49de-a352-504dcae5af1d
8b3e1c33-da55-42fa-9d3f-1e3727ca7f5d,Sat Mar 07 2026 07:36:45 GMT-0400 (Horário Padrão do Amazonas),Sat Mar 07 2026 07:36:45 GMT-0400 (Horário Padrão do Amazonas),password,0a99ce50-7314-485c-8470-45dc61a6603a
33f9276f-5c67-44e3-8f7e-a827d294174c,Sat Mar 07 2026 07:36:48 GMT-0400 (Horário Padrão do Amazonas),Sat Mar 07 2026 07:36:48 GMT-0400 (Horário Padrão do Amazonas),password,42feb6bb-393b-40f5-bf5f-11692e893cd2
83fdc38a-0232-4901-bfb7-f0f4b056a8f9,Sat Mar 07 2026 07:36:52 GMT-0400 (Horário Padrão do Amazonas),Sat Mar 07 2026 07:36:52 GMT-0400 (Horário Padrão do Amazonas),password,152fce4b-eabd-48f7-8a4a-663bf80de889
1806d9a9-bfc3-4627-a49f-01b1fc1ede9a,Sat Mar 07 2026 07:37:27 GMT-0400 (Horário Padrão do Amazonas),Sat Mar 07 2026 07:37:27 GMT-0400 (Horário Padrão do Amazonas),password,2fff7279-e997-4714-9f2c-295454185ff9
4a5ce2aa-5bf4-445e-a6c5-53108852b775,Sat Mar 07 2026 07:37:41 GMT-0400 (Horário Padrão do Amazonas),Sat Mar 07 2026 07:37:41 GMT-0400 (Horário Padrão do Amazonas),password,d8253df4-6cc6-4970-8454-415843a325a2
e944c0ae-e26b-41d4-8929-9aecabae0c4d,Sat Mar 07 2026 07:38:09 GMT-0400 (Horário Padrão do Amazonas),Sat Mar 07 2026 07:38:09 GMT-0400 (Horário Padrão do Amazonas),password,4930087e-38c8-4e5d-b882-1bfc138cd868
48fb7634-d0ee-486a-b1e9-4f7fa291c5eb,Sat Mar 07 2026 07:38:13 GMT-0400 (Horário Padrão do Amazonas),Sat Mar 07 2026 07:38:13 GMT-0400 (Horário Padrão do Amazonas),password,593651ed-cf19-4bc0-8952-ed47705f3385
96c47421-d1aa-4b62-b896-287839462fa3,Sat Mar 07 2026 07:38:16 GMT-0400 (Horário Padrão do Amazonas),Sat Mar 07 2026 07:38:16 GMT-0400 (Horário Padrão do Amazonas),password,6ddbdf0d-4a17-4fe8-b7d6-4d6f880b9afb
f09c9473-f546-4cf1-bead-aca6fe742c80,Sat Mar 07 2026 07:39:11 GMT-0400 (Horário Padrão do Amazonas),Sat Mar 07 2026 07:39:11 GMT-0400 (Horário Padrão do Amazonas),password,7e9d367f-76d1-4212-b049-31086183c17d
f3ea6d9c-945a-4b1a-928e-ce5b3efce1dc,Sat Mar 07 2026 07:39:28 GMT-0400 (Horário Padrão do Amazonas),Sat Mar 07 2026 07:39:28 GMT-0400 (Horário Padrão do Amazonas),password,7c89e306-ebd9-4922-a286-a01ff4cadd4b
f5828b41-ded1-4292-a767-573c0488e20f,Sat Mar 07 2026 07:39:52 GMT-0400 (Horário Padrão do Amazonas),Sat Mar 07 2026 07:39:52 GMT-0400 (Horário Padrão do Amazonas),password,4efd1885-e59b-48fc-a0c0-2ec254319372
cde38b2e-f332-48aa-809b-48c0f651aa29,Sat Mar 07 2026 07:39:58 GMT-0400 (Horário Padrão do Amazonas),Sat Mar 07 2026 07:39:58 GMT-0400 (Horário Padrão do Amazonas),password,d600b23b-a191-4da8-a374-5f42a02c6f0e
4d505f96-248b-4bc4-9115-792e579afaaf,Sat Mar 07 2026 07:40:05 GMT-0400 (Horário Padrão do Amazonas),Sat Mar 07 2026 07:40:05 GMT-0400 (Horário Padrão do Amazonas),password,36643bc3-3e95-489d-8561-172ae1c8c8c7
10cedb2c-a7bd-4008-932b-271f4c606f89,Sat Mar 07 2026 07:40:45 GMT-0400 (Horário Padrão do Amazonas),Sat Mar 07 2026 07:40:45 GMT-0400 (Horário Padrão do Amazonas),password,589f76da-a612-40a8-bcbe-f51f1c41e69d
f3d9957f-c70a-4e13-9fa8-5364f07ca595,Sat Mar 07 2026 07:40:57 GMT-0400 (Horário Padrão do Amazonas),Sat Mar 07 2026 07:40:57 GMT-0400 (Horário Padrão do Amazonas),password,fc994d3d-a256-4dd3-a461-9534395b2927
638ad27b-981c-4241-84fc-fa901edfa9a5,Sat Mar 07 2026 07:41:04 GMT-0400 (Horário Padrão do Amazonas),Sat Mar 07 2026 07:41:04 GMT-0400 (Horário Padrão do Amazonas),password,aa015b97-4397-4c51-81eb-38f6b9045a8e
cfad1072-2397-4491-b784-f53ccb635862,Sat Mar 07 2026 07:41:19 GMT-0400 (Horário Padrão do Amazonas),Sat Mar 07 2026 07:41:19 GMT-0400 (Horário Padrão do Amazonas),password,8a4b2c94-45e7-411c-8f66-37d5dbf4042c
7787ab3e-5919-4ebf-873a-3e30171ad0b7,Sat Mar 07 2026 07:41:22 GMT-0400 (Horário Padrão do Amazonas),Sat Mar 07 2026 07:41:22 GMT-0400 (Horário Padrão do Amazonas),password,a7e620b0-9db6-4e06-a33f-d4641dc8452a
1d267e8a-7154-4c7b-b925-2400994896c1,Sat Mar 07 2026 07:41:25 GMT-0400 (Horário Padrão do Amazonas),Sat Mar 07 2026 07:41:25 GMT-0400 (Horário Padrão do Amazonas),password,6f37bb12-c3dd-4b9a-b9ba-b6d14982894b
c4facd90-b523-49f2-bca3-b57880388091,Sat Mar 07 2026 07:42:34 GMT-0400 (Horário Padrão do Amazonas),Sat Mar 07 2026 07:42:34 GMT-0400 (Horário Padrão do Amazonas),password,1ee058a5-2bf2-4380-8e24-62386e931b38
880651fe-0bab-4d43-8318-b71f075137b1,Sat Mar 07 2026 07:42:46 GMT-0400 (Horário Padrão do Amazonas),Sat Mar 07 2026 07:42:46 GMT-0400 (Horário Padrão do Amazonas),password,03fb10ad-7f60-471d-9d90-1202cd0c8a11
92245549-1d58-4c50-b5ff-68d213e6186c,Sat Mar 07 2026 07:42:54 GMT-0400 (Horário Padrão do Amazonas),Sat Mar 07 2026 07:42:54 GMT-0400 (Horário Padrão do Amazonas),password,8c4de8d6-003e-46d3-81d4-a8066de7bdfd
bf305af3-95a2-495b-bf49-055c235b2f95,Sat Mar 07 2026 07:43:18 GMT-0400 (Horário Padrão do Amazonas),Sat Mar 07 2026 07:43:18 GMT-0400 (Horário Padrão do Amazonas),password,9a4c7df9-ffb0-42c8-a22c-de1b1e9aa9b1
dd9062b9-bb6f-4ebb-9193-943a3e3d80bc,Sat Mar 07 2026 07:43:21 GMT-0400 (Horário Padrão do Amazonas),Sat Mar 07 2026 07:43:21 GMT-0400 (Horário Padrão do Amazonas),password,3352891c-01ae-41b8-b3fd-78b66e0d0c75
b33c8e58-3a44-46fc-891c-1cfe3cea3cd4,Sat Mar 07 2026 07:43:24 GMT-0400 (Horário Padrão do Amazonas),Sat Mar 07 2026 07:43:24 GMT-0400 (Horário Padrão do Amazonas),password,790448c8-de3e-4156-8613-54b6c690b6a7
401f3274-1b97-45e9-bf2e-a3bff92d97e5,Sat Mar 07 2026 07:49:29 GMT-0400 (Horário Padrão do Amazonas),Sat Mar 07 2026 07:49:29 GMT-0400 (Horário Padrão do Amazonas),password,535df271-0025-4e7b-9994-2bbdcc794be1
36c6fd64-a90e-48ff-95d7-495f47979b24,Sat Mar 07 2026 07:49:36 GMT-0400 (Horário Padrão do Amazonas),Sat Mar 07 2026 07:49:36 GMT-0400 (Horário Padrão do Amazonas),password,05566c35-4899-411c-b142-1d2949d7537d
feda3248-4196-4597-9770-eda3aa1b7d10,Sat Mar 07 2026 07:49:42 GMT-0400 (Horário Padrão do Amazonas),Sat Mar 07 2026 07:49:42 GMT-0400 (Horário Padrão do Amazonas),password,5f629f49-26d0-4af2-aea6-7e85104d30e8
1ac8997d-ecb7-4030-8565-1a40d8b81366,Sat Mar 07 2026 07:49:52 GMT-0400 (Horário Padrão do Amazonas),Sat Mar 07 2026 07:49:52 GMT-0400 (Horário Padrão do Amazonas),password,bbaef62e-d66b-4d32-9c95-92b813f9e690
1158eab8-b05a-4751-86c7-a57d29c9b20a,Sat Mar 07 2026 07:49:58 GMT-0400 (Horário Padrão do Amazonas),Sat Mar 07 2026 07:49:58 GMT-0400 (Horário Padrão do Amazonas),password,ad28c36d-f382-4a7c-9bab-ce6934d0dfd6
a738d180-9688-4251-9b8a-8c5e275e5d69,Sat Mar 07 2026 07:50:08 GMT-0400 (Horário Padrão do Amazonas),Sat Mar 07 2026 07:50:08 GMT-0400 (Horário Padrão do Amazonas),password,b18a9540-2dd1-4704-9aec-7492d88876a5
a316acaa-0e50-4681-bbd7-9472c75d68f3,Sat Mar 07 2026 07:50:11 GMT-0400 (Horário Padrão do Amazonas),Sat Mar 07 2026 07:50:11 GMT-0400 (Horário Padrão do Amazonas),password,b867cd3b-f0d6-4537-abaa-c447a37a0801
c0c42448-b6b9-40ac-bd45-7e69c22a60c2,Sat Mar 07 2026 07:50:15 GMT-0400 (Horário Padrão do Amazonas),Sat Mar 07 2026 07:50:15 GMT-0400 (Horário Padrão do Amazonas),password,76f532d0-b79b-40e3-a261-e643c2f96556
7d26e85c-28d9-4060-8326-a37fe03f457f,Sat Mar 07 2026 07:50:18 GMT-0400 (Horário Padrão do Amazonas),Sat Mar 07 2026 07:50:18 GMT-0400 (Horário Padrão do Amazonas),password,7f2d08f0-54c7-4001-b8bc-a00a768c848d
378875cb-76ae-403a-b2fb-effd6c88a2c6,Sat Mar 07 2026 07:50:33 GMT-0400 (Horário Padrão do Amazonas),Sat Mar 07 2026 07:50:33 GMT-0400 (Horário Padrão do Amazonas),password,c76f0fb2-22bf-4370-902a-c2561058d34c
3aa84740-fa65-41b3-a5dc-2b50200bcad8,Sat Mar 07 2026 07:51:19 GMT-0400 (Horário Padrão do Amazonas),Sat Mar 07 2026 07:51:19 GMT-0400 (Horário Padrão do Amazonas),password,f79ebb1f-7bc6-4c5a-a160-74f0500e4d9f
67f48c61-33ae-4667-ac7b-0dd143fbb91c,Sat Mar 07 2026 07:51:26 GMT-0400 (Horário Padrão do Amazonas),Sat Mar 07 2026 07:51:26 GMT-0400 (Horário Padrão do Amazonas),password,bb799c4b-2bf1-4677-9911-61331a002e31
6017c921-87fd-4648-94be-8b8894e86b3f,Sat Mar 07 2026 07:51:32 GMT-0400 (Horário Padrão do Amazonas),Sat Mar 07 2026 07:51:32 GMT-0400 (Horário Padrão do Amazonas),password,e658a704-f53e-4418-a47d-011342875397
c661cbc3-6f87-4582-8128-7120ea9d6b5c,Sat Mar 07 2026 07:51:42 GMT-0400 (Horário Padrão do Amazonas),Sat Mar 07 2026 07:51:42 GMT-0400 (Horário Padrão do Amazonas),password,1821f478-cb03-4e88-a3dc-074db0af83e3
7322a833-1eba-4f4c-83d9-f50c83ce7e85,Sat Mar 07 2026 07:51:48 GMT-0400 (Horário Padrão do Amazonas),Sat Mar 07 2026 07:51:48 GMT-0400 (Horário Padrão do Amazonas),password,3a3f7951-2aa7-4b73-b1d3-f2edf5f59fa2
80e5ef2a-e8b1-49d7-9280-fab86d0886ff,Sat Mar 07 2026 07:52:00 GMT-0400 (Horário Padrão do Amazonas),Sat Mar 07 2026 07:52:00 GMT-0400 (Horário Padrão do Amazonas),password,db0ebce7-b18a-4dbc-8c29-e7ba71f8aa10
ce8a1e33-fcf2-4f90-8813-cd480356e2e2,Sat Mar 07 2026 07:52:16 GMT-0400 (Horário Padrão do Amazonas),Sat Mar 07 2026 07:52:16 GMT-0400 (Horário Padrão do Amazonas),password,5ee35742-450c-4ef6-9701-df03d08a630e
5f52901c-25fa-4115-83a2-9691e33bacfc,Sat Mar 07 2026 07:52:20 GMT-0400 (Horário Padrão do Amazonas),Sat Mar 07 2026 07:52:20 GMT-0400 (Horário Padrão do Amazonas),password,4315c550-32c2-408e-b17a-df3241ec1e5a
2c83264a-46f8-496e-a0cd-7657d8d53a1f,Sat Mar 07 2026 07:52:23 GMT-0400 (Horário Padrão do Amazonas),Sat Mar 07 2026 07:52:23 GMT-0400 (Horário Padrão do Amazonas),password,07087fe9-9010-42be-b8f9-06c572599bfd
a9a35fc0-db37-48c2-a00a-2545bb64bd96,Sat Mar 07 2026 07:52:27 GMT-0400 (Horário Padrão do Amazonas),Sat Mar 07 2026 07:52:27 GMT-0400 (Horário Padrão do Amazonas),password,28280390-c5df-42ec-97a4-e7f566aa65c9
c7bc80f7-ef85-4d8b-8fc0-eda0e5c7e6e8,Sat Mar 07 2026 07:56:15 GMT-0400 (Horário Padrão do Amazonas),Sat Mar 07 2026 07:56:15 GMT-0400 (Horário Padrão do Amazonas),password,43455219-f45b-4fb7-99b9-a115732b979a
ca53287b-5240-40f6-bc1b-842b50071d77,Sat Mar 07 2026 07:56:22 GMT-0400 (Horário Padrão do Amazonas),Sat Mar 07 2026 07:56:22 GMT-0400 (Horário Padrão do Amazonas),password,161883c7-6753-487a-aa58-8906b84a5935
97b47e15-8a09-48c6-8668-c2c32b787e9e,Sat Mar 07 2026 07:56:29 GMT-0400 (Horário Padrão do Amazonas),Sat Mar 07 2026 07:56:29 GMT-0400 (Horário Padrão do Amazonas),password,7d007296-27c8-4ae6-aef5-ec04cf9e0e76
1ea1f949-2af0-4e7a-841f-14ea9f250f8d,Sat Mar 07 2026 07:56:37 GMT-0400 (Horário Padrão do Amazonas),Sat Mar 07 2026 07:56:37 GMT-0400 (Horário Padrão do Amazonas),password,85297da3-3977-417c-88f2-6290f2014610
c40016b2-e041-42e6-b0c1-9d66877bddf7,Sat Mar 07 2026 07:56:46 GMT-0400 (Horário Padrão do Amazonas),Sat Mar 07 2026 07:56:46 GMT-0400 (Horário Padrão do Amazonas),password,424775b3-0242-4783-be58-e7914c44eca1
0d91c5db-2654-435f-97cc-1dd13db09dcf,Sat Mar 07 2026 07:56:55 GMT-0400 (Horário Padrão do Amazonas),Sat Mar 07 2026 07:56:55 GMT-0400 (Horário Padrão do Amazonas),password,b7e2018b-d648-47a3-be45-635e533b9aaa
f4342622-9f3e-4d14-83c0-7c3bad3b8dcf,Sat Mar 07 2026 07:57:06 GMT-0400 (Horário Padrão do Amazonas),Sat Mar 07 2026 07:57:06 GMT-0400 (Horário Padrão do Amazonas),password,a5b4f972-f312-4867-88be-3125e673027e
7c6a06e5-7b9c-4896-8dc6-257adfb793b1,Sat Mar 07 2026 07:57:09 GMT-0400 (Horário Padrão do Amazonas),Sat Mar 07 2026 07:57:09 GMT-0400 (Horário Padrão do Amazonas),password,186280be-895f-4f34-affe-e258bbbef2bd
d6df7aed-2bcc-40b6-a1d3-cd389a83b12b,Sat Mar 07 2026 07:57:24 GMT-0400 (Horário Padrão do Amazonas),Sat Mar 07 2026 07:57:24 GMT-0400 (Horário Padrão do Amazonas),password,ca0a19e1-480f-43f9-9499-5d604a769e1c
2863d996-0850-4ce5-ade9-a0e4dca1074b,Sat Mar 07 2026 07:57:27 GMT-0400 (Horário Padrão do Amazonas),Sat Mar 07 2026 07:57:27 GMT-0400 (Horário Padrão do Amazonas),password,6c58c568-4ac1-4b98-8807-dd5556a62d3b
9d2c2c3b-3e84-4edd-84c2-f270211a56a4,Sat Mar 07 2026 07:57:38 GMT-0400 (Horário Padrão do Amazonas),Sat Mar 07 2026 07:57:38 GMT-0400 (Horário Padrão do Amazonas),password,6c4ec6a0-bab2-4829-ad63-a9d1a75df617
f6f8dd08-57a7-4b2d-8150-38b8a2bd4b3b,Sat Mar 07 2026 07:57:42 GMT-0400 (Horário Padrão do Amazonas),Sat Mar 07 2026 07:57:42 GMT-0400 (Horário Padrão do Amazonas),password,f5a9c075-ab4a-40bb-97b4-831b6b8b435b
2e3b29e5-68f9-4e71-bb44-2af2c7bbf3fc,Sat Mar 07 2026 07:57:45 GMT-0400 (Horário Padrão do Amazonas),Sat Mar 07 2026 07:57:45 GMT-0400 (Horário Padrão do Amazonas),password,785150f7-05b5-42d1-a604-f11a6eb526cc
b9989194-088b-4865-8bb1-88adff65b5a0,Sat Mar 07 2026 07:59:14 GMT-0400 (Horário Padrão do Amazonas),Sat Mar 07 2026 07:59:14 GMT-0400 (Horário Padrão do Amazonas),password,7669bef8-1240-416c-addf-da578fa4f8ca
17ef4450-1d40-45d5-a23b-9027087800b3,Sat Mar 07 2026 07:59:23 GMT-0400 (Horário Padrão do Amazonas),Sat Mar 07 2026 07:59:23 GMT-0400 (Horário Padrão do Amazonas),password,ef7e3d34-ed32-46d4-a2db-8b77398cda22
06bd06bd-3855-4b96-911f-7bce765ad627,Sat Mar 07 2026 08:00:29 GMT-0400 (Horário Padrão do Amazonas),Sat Mar 07 2026 08:00:29 GMT-0400 (Horário Padrão do Amazonas),password,3c5873e9-6112-47c3-9e2a-4abc634c3956
aca76a72-e7f9-4e50-bd35-44c6c809e3e1,Sat Mar 07 2026 08:00:44 GMT-0400 (Horário Padrão do Amazonas),Sat Mar 07 2026 08:00:44 GMT-0400 (Horário Padrão do Amazonas),password,db23866f-962f-43c8-adb2-2bf40e5500df
