id,user_id,created_at,updated_at,factor_id,aal,not_after,refreshed_at,user_agent,ip,tag,oauth_client_id,refresh_token_hmac_key,refresh_token_counter,scopes
ec3f7bc3-4e4b-45be-aba1-e34995dd529d,6e0d252b-a959-4eca-b91e-bc1f097387cf,Fri Mar 06 2026 15:17:47 GMT-0400 (Horário Padrão do Amazonas),Fri Mar 06 2026 15:17:47 GMT-0400 (Horário Padrão do Amazonas),,aal1,,,Mozilla/5.0 (Windows NT 10.0; Win64; x64) AppleWebKit/537.36 (KHTML, like Gecko) Chrome/145.0.7632.6 Safari/537.36,149.102.251.99,,,,,
f0e12675-6cfc-4b4c-be1d-d1f3e491b259,6e0d252b-a959-4eca-b91e-bc1f097387cf,Fri Mar 06 2026 15:17:56 GMT-0400 (Horário Padrão do Amazonas),Fri Mar 06 2026 15:17:56 GMT-0400 (Horário Padrão do Amazonas),,aal1,,,Mozilla/5.0 (Windows NT 10.0; Win64; x64) AppleWebKit/537.36 (KHTML, like Gecko) Chrome/145.0.7632.6 Safari/537.36,149.102.251.99,,,,,
35577a4f-ba3e-4b30-b382-43d618248ceb,6e0d252b-a959-4eca-b91e-bc1f097387cf,Fri Mar 06 2026 15:18:22 GMT-0400 (Horário Padrão do Amazonas),Fri Mar 06 2026 15:18:22 GMT-0400 (Horário Padrão do Amazonas),,aal1,,,Mozilla/5.0 (iPhone; CPU iPhone OS 14_4 like Mac OS X) AppleWebKit/605.1.15 (KHTML, like Gecko) Version/26.0 Mobile/15E148 Safari/604.1,149.102.251.99,,,,,
64284995-f36d-47e9-83f7-e7d171f4dc6c,6e0d252b-a959-4eca-b91e-bc1f097387cf,Fri Mar 06 2026 15:18:26 GMT-0400 (Horário Padrão do Amazonas),Fri Mar 06 2026 15:18:26 GMT-0400 (Horário Padrão do Amazonas),,aal1,,,Mozilla/5.0 (iPhone; CPU iPhone OS 14_4 like Mac OS X) AppleWebKit/605.1.15 (KHTML, like Gecko) Version/26.0 Mobile/15E148 Safari/604.1,149.102.251.99,,,,,
99748e87-2b1b-44de-ac72-f7c6d343706c,6e0d252b-a959-4eca-b91e-bc1f097387cf,Fri Mar 06 2026 15:18:30 GMT-0400 (Horário Padrão do Amazonas),Fri Mar 06 2026 15:18:30 GMT-0400 (Horário Padrão do Amazonas),,aal1,,,Mozilla/5.0 (iPhone; CPU iPhone OS 14_4 like Mac OS X) AppleWebKit/605.1.15 (KHTML, like Gecko) Version/26.0 Mobile/15E148 Safari/604.1,149.102.251.99,,,,,
32a57c5c-aa83-4501-9031-f61c136a683f,6e0d252b-a959-4eca-b91e-bc1f097387cf,Fri Mar 06 2026 16:46:04 GMT-0400 (Horário Padrão do Amazonas),Fri Mar 06 2026 16:46:04 GMT-0400 (Horário Padrão do Amazonas),,aal1,,,Mozilla/5.0 (Windows NT 10.0; Win64; x64) AppleWebKit/537.36 (KHTML, like Gecko) Chrome/145.0.7632.6 Safari/537.36,149.102.251.99,,,,,
22e93fc4-ca04-4cbb-bc3c-67041612ec40,6e0d252b-a959-4eca-b91e-bc1f097387cf,Fri Mar 06 2026 16:46:15 GMT-0400 (Horário Padrão do Amazonas),Fri Mar 06 2026 16:46:15 GMT-0400 (Horário Padrão do Amazonas),,aal1,,,Mozilla/5.0 (Windows NT 10.0; Win64; x64) AppleWebKit/537.36 (KHTML, like Gecko) Chrome/145.0.7632.6 Safari/537.36,149.102.251.99,,,,,
9bdbcadb-ade3-46a1-bd3d-01bdeb483a5f,5ebe247c-413e-4b80-8de2-848f74944d8e,Mon Feb 16 2026 16:16:15 GMT-0400 (Horário Padrão do Amazonas),Mon Feb 16 2026 16:16:15 GMT-0400 (Horário Padrão do Amazonas),,aal1,,,Mozilla/5.0 (Windows NT 10.0; Win64; x64) AppleWebKit/537.36 (KHTML, like Gecko) Chrome/145.0.7632.6 Safari/537.36,149.102.251.98,,,,,
8130feaf-625c-4ac3-9c76-1ca1a8746aa0,6e0d252b-a959-4eca-b91e-bc1f097387cf,Fri Mar 06 2026 16:46:33 GMT-0400 (Horário Padrão do Amazonas),Fri Mar 06 2026 16:46:33 GMT-0400 (Horário Padrão do Amazonas),,aal1,,,Mozilla/5.0 (iPhone; CPU iPhone OS 14_4 like Mac OS X) AppleWebKit/605.1.15 (KHTML, like Gecko) Version/26.0 Mobile/15E148 Safari/604.1,149.102.251.99,,,,,
90ea96e5-187b-4355-b104-57708d04bd4f,6e0d252b-a959-4eca-b91e-bc1f097387cf,Fri Mar 06 2026 16:46:38 GMT-0400 (Horário Padrão do Amazonas),Fri Mar 06 2026 16:46:38 GMT-0400 (Horário Padrão do Amazonas),,aal1,,,Mozilla/5.0 (iPhone; CPU iPhone OS 14_4 like Mac OS X) AppleWebKit/605.1.15 (KHTML, like Gecko) Version/26.0 Mobile/15E148 Safari/604.1,149.102.251.99,,,,,
2adeaacd-b57c-41f0-835c-e600dc7a274d,6e0d252b-a959-4eca-b91e-bc1f097387cf,Fri Mar 06 2026 16:46:42 GMT-0400 (Horário Padrão do Amazonas),Fri Mar 06 2026 16:46:42 GMT-0400 (Horário Padrão do Amazonas),,aal1,,,Mozilla/5.0 (iPhone; CPU iPhone OS 14_4 like Mac OS X) AppleWebKit/605.1.15 (KHTML, like Gecko) Version/26.0 Mobile/15E148 Safari/604.1,149.102.251.99,,,,,
77492d60-b46b-4b86-8a41-0c5b347a3322,6e0d252b-a959-4eca-b91e-bc1f097387cf,Fri Mar 06 2026 16:52:33 GMT-0400 (Horário Padrão do Amazonas),Fri Mar 06 2026 16:52:33 GMT-0400 (Horário Padrão do Amazonas),,aal1,,,Mozilla/5.0 (Windows NT 10.0; Win64; x64) AppleWebKit/537.36 (KHTML, like Gecko) Chrome/145.0.7632.6 Safari/537.36,149.102.251.99,,,,,
8ea523be-8f78-4137-8839-71d0bbc184c6,ec63d385-15ce-4d53-9dde-9824be169ef6,Mon Jan 26 2026 09:19:46 GMT-0400 (Horário Padrão do Amazonas),Mon Jan 26 2026 09:19:46 GMT-0400 (Horário Padrão do Amazonas),,aal1,,,Mozilla/5.0 (Windows NT 10.0; Win64; x64) AppleWebKit/537.36 (KHTML, like Gecko) Chrome/144.0.0.0 Safari/537.36 Edg/144.0.0.0,146.70.98.184,,,,,
cdbd74ab-a2f1-48d3-a561-9ed908e19c21,6e0d252b-a959-4eca-b91e-bc1f097387cf,Fri Mar 06 2026 16:52:39 GMT-0400 (Horário Padrão do Amazonas),Fri Mar 06 2026 16:52:39 GMT-0400 (Horário Padrão do Amazonas),,aal1,,,Mozilla/5.0 (Windows NT 10.0; Win64; x64) AppleWebKit/537.36 (KHTML, like Gecko) Chrome/145.0.7632.6 Safari/537.36,149.102.251.99,,,,,
00f9ae13-bd7c-4ab3-9a57-f06d84835fc3,6e0d252b-a959-4eca-b91e-bc1f097387cf,Fri Mar 06 2026 16:52:45 GMT-0400 (Horário Padrão do Amazonas),Fri Mar 06 2026 16:52:45 GMT-0400 (Horário Padrão do Amazonas),,aal1,,,Mozilla/5.0 (Windows NT 10.0; Win64; x64) AppleWebKit/537.36 (KHTML, like Gecko) Chrome/145.0.7632.6 Safari/537.36,149.102.251.99,,,,,
80700f0a-394b-4201-9aa9-b9278ee281ae,6e0d252b-a959-4eca-b91e-bc1f097387cf,Fri Mar 06 2026 16:53:15 GMT-0400 (Horário Padrão do Amazonas),Fri Mar 06 2026 16:53:15 GMT-0400 (Horário Padrão do Amazonas),,aal1,,,Mozilla/5.0 (iPhone; CPU iPhone OS 14_4 like Mac OS X) AppleWebKit/605.1.15 (KHTML, like Gecko) Version/26.0 Mobile/15E148 Safari/604.1,149.102.251.99,,,,,
c65f7aed-66d9-4edf-8cd5-30e650948d60,6e0d252b-a959-4eca-b91e-bc1f097387cf,Fri Mar 06 2026 16:53:31 GMT-0400 (Horário Padrão do Amazonas),Fri Mar 06 2026 16:53:31 GMT-0400 (Horário Padrão do Amazonas),,aal1,,,Mozilla/5.0 (iPhone; CPU iPhone OS 14_4 like Mac OS X) AppleWebKit/605.1.15 (KHTML, like Gecko) Version/26.0 Mobile/15E148 Safari/604.1,149.102.251.99,,,,,
82ba4391-11c3-492d-b278-63beccd3d27a,6e0d252b-a959-4eca-b91e-bc1f097387cf,Fri Mar 06 2026 16:53:36 GMT-0400 (Horário Padrão do Amazonas),Fri Mar 06 2026 16:53:36 GMT-0400 (Horário Padrão do Amazonas),,aal1,,,Mozilla/5.0 (iPhone; CPU iPhone OS 14_4 like Mac OS X) AppleWebKit/605.1.15 (KHTML, like Gecko) Version/26.0 Mobile/15E148 Safari/604.1,149.102.251.99,,,,,
58afa3f8-f4a4-446b-8cdd-dea3f2f2a610,6e0d252b-a959-4eca-b91e-bc1f097387cf,Fri Mar 06 2026 16:54:20 GMT-0400 (Horário Padrão do Amazonas),Fri Mar 06 2026 16:54:20 GMT-0400 (Horário Padrão do Amazonas),,aal1,,,Mozilla/5.0 (Windows NT 10.0; Win64; x64) AppleWebKit/537.36 (KHTML, like Gecko) Chrome/145.0.7632.6 Safari/537.36,149.102.251.99,,,,,
6bd3153e-7257-4cfe-a84f-4e7ad7932375,6e0d252b-a959-4eca-b91e-bc1f097387cf,Fri Mar 06 2026 16:54:29 GMT-0400 (Horário Padrão do Amazonas),Fri Mar 06 2026 16:54:29 GMT-0400 (Horário Padrão do Amazonas),,aal1,,,Mozilla/5.0 (Windows NT 10.0; Win64; x64) AppleWebKit/537.36 (KHTML, like Gecko) Chrome/145.0.7632.6 Safari/537.36,149.102.251.99,,,,,
2648db74-32ec-402c-aa49-c648a370093d,6e0d252b-a959-4eca-b91e-bc1f097387cf,Fri Mar 06 2026 16:54:36 GMT-0400 (Horário Padrão do Amazonas),Fri Mar 06 2026 16:54:36 GMT-0400 (Horário Padrão do Amazonas),,aal1,,,Mozilla/5.0 (Windows NT 10.0; Win64; x64) AppleWebKit/537.36 (KHTML, like Gecko) Chrome/145.0.7632.6 Safari/537.36,149.102.251.99,,,,,
df1f4af2-05de-4bc3-a036-b66d73a3f61f,308b09ea-253b-4eaa-ba1d-d44f1bac80bd,Mon Feb 16 2026 11:14:54 GMT-0400 (Horário Padrão do Amazonas),Mon Feb 16 2026 11:14:54 GMT-0400 (Horário Padrão do Amazonas),,aal1,,,Mozilla/5.0 (Windows NT 10.0; Win64; x64) AppleWebKit/537.36 (KHTML, like Gecko) Chrome/145.0.7632.6 Safari/537.36,149.102.251.98,,,,,
292c51e7-275b-4fbb-b8f8-c0966cec7aee,2a2066da-2d28-429c-aedf-95813dfdfd9c,Mon Feb 16 2026 11:23:53 GMT-0400 (Horário Padrão do Amazonas),Mon Feb 16 2026 11:23:53 GMT-0400 (Horário Padrão do Amazonas),,aal1,,,Mozilla/5.0 (Windows NT 10.0; Win64; x64) AppleWebKit/537.36 (KHTML, like Gecko) Chrome/145.0.7632.6 Safari/537.36,149.102.251.98,,,,,
09219821-b900-49c1-9f30-76eb6474c730,58655951-e7de-45cd-9ece-1327bae5d962,Tue Jan 27 2026 20:34:51 GMT-0400 (Horário Padrão do Amazonas),Tue Jan 27 2026 20:34:51 GMT-0400 (Horário Padrão do Amazonas),,aal1,,,Mozilla/5.0 (Windows NT 10.0; Win64; x64) AppleWebKit/537.36 (KHTML, like Gecko) Chrome/144.0.0.0 Safari/537.36 Edg/144.0.0.0,146.70.98.121,,,,,
c0a4a04a-35e5-4e25-bb08-d31f234e329d,58655951-e7de-45cd-9ece-1327bae5d962,Tue Jan 27 2026 20:34:52 GMT-0400 (Horário Padrão do Amazonas),Tue Jan 27 2026 20:34:52 GMT-0400 (Horário Padrão do Amazonas),,aal1,,,Mozilla/5.0 (Windows NT 10.0; Win64; x64) AppleWebKit/537.36 (KHTML, like Gecko) Chrome/144.0.0.0 Safari/537.36 Edg/144.0.0.0,146.70.98.121,,,,,
de84cf62-6fb8-41a0-97ff-d316f87c7f1f,3e9c4d3a-45dd-48ba-830f-776aa77479cd,Mon Feb 16 2026 10:56:47 GMT-0400 (Horário Padrão do Amazonas),Mon Feb 16 2026 10:56:47 GMT-0400 (Horário Padrão do Amazonas),,aal1,,,Mozilla/5.0 (Windows NT 10.0; Win64; x64) AppleWebKit/537.36 (KHTML, like Gecko) Chrome/145.0.7632.6 Safari/537.36,149.102.251.98,,,,,
8a8c829c-c1f3-4bf8-b303-481732a2503b,7a6ef309-8039-4bbf-bb58-e23779744415,Mon Feb 16 2026 11:01:24 GMT-0400 (Horário Padrão do Amazonas),Mon Feb 16 2026 11:01:24 GMT-0400 (Horário Padrão do Amazonas),,aal1,,,Mozilla/5.0 (Windows NT 10.0; Win64; x64) AppleWebKit/537.36 (KHTML, like Gecko) Chrome/145.0.7632.6 Safari/537.36,149.102.251.98,,,,,
f27f2cfe-8d30-43af-bdc3-fc04f24fb2a0,5f904442-0d2d-4bc3-95d2-126fb69848b6,Mon Feb 16 2026 11:02:44 GMT-0400 (Horário Padrão do Amazonas),Mon Feb 16 2026 11:02:44 GMT-0400 (Horário Padrão do Amazonas),,aal1,,,Mozilla/5.0 (Windows NT 10.0; Win64; x64) AppleWebKit/537.36 (KHTML, like Gecko) Chrome/145.0.7632.6 Safari/537.36,149.102.251.98,,,,,
1e0ae7c5-98b4-4ee6-a1ef-406b7d8841a4,10714855-eb52-4922-a7c6-5dbb4e9949c2,Mon Feb 16 2026 11:03:57 GMT-0400 (Horário Padrão do Amazonas),Mon Feb 16 2026 11:03:57 GMT-0400 (Horário Padrão do Amazonas),,aal1,,,Mozilla/5.0 (Windows NT 10.0; Win64; x64) AppleWebKit/537.36 (KHTML, like Gecko) Chrome/145.0.7632.6 Safari/537.36,149.102.251.98,,,,,
21ae7ed2-640c-48ad-b988-8545c25b40f0,b5bfb5f5-db2f-4372-ae65-1093ed2b9ec4,Mon Feb 16 2026 11:04:42 GMT-0400 (Horário Padrão do Amazonas),Mon Feb 16 2026 11:04:42 GMT-0400 (Horário Padrão do Amazonas),,aal1,,,Mozilla/5.0 (Windows NT 10.0; Win64; x64) AppleWebKit/537.36 (KHTML, like Gecko) Chrome/145.0.7632.6 Safari/537.36,149.102.251.98,,,,,
5c98c6ef-3825-4d94-92c4-adfa7d817ad3,6508960a-4cb9-4f08-b91b-019780ef00ed,Mon Feb 16 2026 11:07:04 GMT-0400 (Horário Padrão do Amazonas),Mon Feb 16 2026 11:07:04 GMT-0400 (Horário Padrão do Amazonas),,aal1,,,Mozilla/5.0 (Windows NT 10.0; Win64; x64) AppleWebKit/537.36 (KHTML, like Gecko) Chrome/145.0.7632.6 Safari/537.36,149.102.251.98,,,,,
1371e8a5-1d59-4021-be70-fd4bf9601380,eea4df97-294a-4ff0-aeda-4f56d4e603da,Mon Feb 16 2026 11:24:56 GMT-0400 (Horário Padrão do Amazonas),Mon Feb 16 2026 11:24:56 GMT-0400 (Horário Padrão do Amazonas),,aal1,,,Mozilla/5.0 (Windows NT 10.0; Win64; x64) AppleWebKit/537.36 (KHTML, like Gecko) Chrome/145.0.7632.6 Safari/537.36,149.102.251.98,,,,,
19a3c228-395a-46d8-80ef-688322c5458f,0f030ea5-d39b-4fe7-9bd9-dc6aa0e37e61,Mon Feb 16 2026 11:27:20 GMT-0400 (Horário Padrão do Amazonas),Mon Feb 16 2026 11:27:20 GMT-0400 (Horário Padrão do Amazonas),,aal1,,,Mozilla/5.0 (Windows NT 10.0; Win64; x64) AppleWebKit/537.36 (KHTML, like Gecko) Chrome/145.0.7632.6 Safari/537.36,149.102.251.98,,,,,
857ac4b4-6cdc-4105-81f6-bf5f10e71391,400bfe10-2b2d-406f-9e77-46c8b44f7544,Mon Feb 16 2026 11:28:33 GMT-0400 (Horário Padrão do Amazonas),Mon Feb 16 2026 11:28:33 GMT-0400 (Horário Padrão do Amazonas),,aal1,,,Mozilla/5.0 (Windows NT 10.0; Win64; x64) AppleWebKit/537.36 (KHTML, like Gecko) Chrome/145.0.7632.6 Safari/537.36,149.102.251.98,,,,,
f3585c5d-7dcd-4c45-b377-60f7766ce3df,99a948ad-68a4-43f6-ba3e-69c534786b7d,Mon Feb 16 2026 11:29:54 GMT-0400 (Horário Padrão do Amazonas),Mon Feb 16 2026 11:29:54 GMT-0400 (Horário Padrão do Amazonas),,aal1,,,Mozilla/5.0 (Windows NT 10.0; Win64; x64) AppleWebKit/537.36 (KHTML, like Gecko) Chrome/145.0.7632.6 Safari/537.36,149.102.251.98,,,,,
e1f1b08b-56f2-42d2-b90d-2c76450e70c0,dc73472c-03c1-483e-b156-1f0d2d40b295,Mon Feb 16 2026 11:31:05 GMT-0400 (Horário Padrão do Amazonas),Mon Feb 16 2026 11:31:05 GMT-0400 (Horário Padrão do Amazonas),,aal1,,,Mozilla/5.0 (Windows NT 10.0; Win64; x64) AppleWebKit/537.36 (KHTML, like Gecko) Chrome/145.0.7632.6 Safari/537.36,149.102.251.98,,,,,
932950e0-66c3-4d7a-b360-3009f97cdab9,6e0d252b-a959-4eca-b91e-bc1f097387cf,Fri Mar 06 2026 15:42:22 GMT-0400 (Horário Padrão do Amazonas),Fri Mar 06 2026 15:42:22 GMT-0400 (Horário Padrão do Amazonas),,aal1,,,Mozilla/5.0 (Windows NT 10.0; Win64; x64) AppleWebKit/537.36 (KHTML, like Gecko) Chrome/145.0.7632.6 Safari/537.36,149.102.251.99,,,,,
70d78612-0f4a-40d9-b1c1-836e95a418da,0fee9e8c-2bb5-446e-a92a-adc454350f1a,Mon Feb 16 2026 11:32:25 GMT-0400 (Horário Padrão do Amazonas),Mon Feb 16 2026 11:32:25 GMT-0400 (Horário Padrão do Amazonas),,aal1,,,Mozilla/5.0 (Windows NT 10.0; Win64; x64) AppleWebKit/537.36 (KHTML, like Gecko) Chrome/145.0.7632.6 Safari/537.36,149.102.251.98,,,,,
f72499bc-b9a0-41ef-b21c-b8a1c6bb576f,6e0d252b-a959-4eca-b91e-bc1f097387cf,Fri Mar 06 2026 15:42:29 GMT-0400 (Horário Padrão do Amazonas),Fri Mar 06 2026 15:42:29 GMT-0400 (Horário Padrão do Amazonas),,aal1,,,Mozilla/5.0 (Windows NT 10.0; Win64; x64) AppleWebKit/537.36 (KHTML, like Gecko) Chrome/145.0.7632.6 Safari/537.36,149.102.251.99,,,,,
d20127c0-5972-4d40-9716-c2c446a2ea25,9bb51032-7ff4-4868-9ab8-2f0793d36c19,Mon Feb 16 2026 16:08:22 GMT-0400 (Horário Padrão do Amazonas),Mon Feb 16 2026 16:08:22 GMT-0400 (Horário Padrão do Amazonas),,aal1,,,Mozilla/5.0 (Windows NT 10.0; Win64; x64) AppleWebKit/537.36 (KHTML, like Gecko) Chrome/145.0.7632.6 Safari/537.36,149.102.251.98,,,,,
ce2167d3-bc10-43ea-98d7-c10de572e0b3,3fc0e0e6-1464-44a9-8024-051332087b20,Mon Feb 16 2026 11:46:06 GMT-0400 (Horário Padrão do Amazonas),Mon Feb 16 2026 11:46:06 GMT-0400 (Horário Padrão do Amazonas),,aal1,,,Mozilla/5.0 (Windows NT 10.0; Win64; x64) AppleWebKit/537.36 (KHTML, like Gecko) Chrome/145.0.7632.6 Safari/537.36,149.102.251.98,,,,,
8f19e9e8-1e5d-46a3-90f3-9cfae7ad1b01,6e0d252b-a959-4eca-b91e-bc1f097387cf,Fri Mar 06 2026 15:42:57 GMT-0400 (Horário Padrão do Amazonas),Fri Mar 06 2026 15:42:57 GMT-0400 (Horário Padrão do Amazonas),,aal1,,,Mozilla/5.0 (iPhone; CPU iPhone OS 14_4 like Mac OS X) AppleWebKit/605.1.15 (KHTML, like Gecko) Version/26.0 Mobile/15E148 Safari/604.1,149.102.251.99,,,,,
1fe52529-cfcc-4291-9336-e7c3c2f65d44,a3c39e60-b4d9-4b2f-9555-85b436ebcf57,Fri Mar 06 2026 09:56:14 GMT-0400 (Horário Padrão do Amazonas),Fri Mar 06 2026 09:56:14 GMT-0400 (Horário Padrão do Amazonas),,aal1,,,Mozilla/5.0 (iPhone; CPU iPhone OS 14_4 like Mac OS X) AppleWebKit/605.1.15 (KHTML, like Gecko) Version/26.0 Mobile/15E148 Safari/604.1,149.102.251.99,,,,,
58761e74-af85-439c-9a06-3f5db17a14f2,4d423a0a-892d-40b0-b15b-f195e795742e,Mon Feb 16 2026 14:58:40 GMT-0400 (Horário Padrão do Amazonas),Mon Feb 16 2026 14:58:40 GMT-0400 (Horário Padrão do Amazonas),,aal1,,,Mozilla/5.0 (Windows NT 10.0; Win64; x64) AppleWebKit/537.36 (KHTML, like Gecko) Chrome/145.0.7632.6 Safari/537.36,149.102.251.98,,,,,
413685f1-14a4-4fff-be85-85a8ab1dad89,a3c39e60-b4d9-4b2f-9555-85b436ebcf57,Fri Mar 06 2026 09:56:18 GMT-0400 (Horário Padrão do Amazonas),Fri Mar 06 2026 09:56:18 GMT-0400 (Horário Padrão do Amazonas),,aal1,,,Mozilla/5.0 (iPhone; CPU iPhone OS 14_4 like Mac OS X) AppleWebKit/605.1.15 (KHTML, like Gecko) Version/26.0 Mobile/15E148 Safari/604.1,149.102.251.99,,,,,
4b9360ce-40cf-4c5d-a3a4-ba54b0d59a01,6e0d252b-a959-4eca-b91e-bc1f097387cf,Fri Mar 06 2026 15:43:12 GMT-0400 (Horário Padrão do Amazonas),Fri Mar 06 2026 15:43:12 GMT-0400 (Horário Padrão do Amazonas),,aal1,,,Mozilla/5.0 (iPhone; CPU iPhone OS 14_4 like Mac OS X) AppleWebKit/605.1.15 (KHTML, like Gecko) Version/26.0 Mobile/15E148 Safari/604.1,149.102.251.99,,,,,
0e29da21-53bb-4b4b-96a9-337fdf866c69,ab0868a5-6936-4b6d-8b09-a62c51e045d8,Mon Feb 16 2026 14:59:30 GMT-0400 (Horário Padrão do Amazonas),Mon Feb 16 2026 14:59:30 GMT-0400 (Horário Padrão do Amazonas),,aal1,,,Mozilla/5.0 (Windows NT 10.0; Win64; x64) AppleWebKit/537.36 (KHTML, like Gecko) Chrome/145.0.7632.6 Safari/537.36,149.102.251.98,,,,,
81fe4543-457e-4d82-886b-4cd2f08081a9,6e0d252b-a959-4eca-b91e-bc1f097387cf,Fri Mar 06 2026 15:43:17 GMT-0400 (Horário Padrão do Amazonas),Fri Mar 06 2026 15:43:17 GMT-0400 (Horário Padrão do Amazonas),,aal1,,,Mozilla/5.0 (iPhone; CPU iPhone OS 14_4 like Mac OS X) AppleWebKit/605.1.15 (KHTML, like Gecko) Version/26.0 Mobile/15E148 Safari/604.1,149.102.251.99,,,,,
81d9b33e-a732-457c-8533-b31abb4142cd,6e0d252b-a959-4eca-b91e-bc1f097387cf,Fri Mar 06 2026 16:47:39 GMT-0400 (Horário Padrão do Amazonas),Fri Mar 06 2026 16:47:39 GMT-0400 (Horário Padrão do Amazonas),,aal1,,,Mozilla/5.0 (Windows NT 10.0; Win64; x64) AppleWebKit/537.36 (KHTML, like Gecko) Chrome/145.0.7632.6 Safari/537.36,149.102.251.99,,,,,
c91be664-67bc-4784-819b-d1431b1bb412,b6448d7f-6541-4566-861b-bd094ed36faf,Mon Feb 16 2026 15:04:35 GMT-0400 (Horário Padrão do Amazonas),Mon Feb 16 2026 15:04:35 GMT-0400 (Horário Padrão do Amazonas),,aal1,,,Mozilla/5.0 (Windows NT 10.0; Win64; x64) AppleWebKit/537.36 (KHTML, like Gecko) Chrome/145.0.7632.6 Safari/537.36,149.102.251.98,,,,,
c073a467-e4c0-40b9-8914-d705973dc776,6e0d252b-a959-4eca-b91e-bc1f097387cf,Fri Mar 06 2026 16:47:47 GMT-0400 (Horário Padrão do Amazonas),Fri Mar 06 2026 16:47:47 GMT-0400 (Horário Padrão do Amazonas),,aal1,,,Mozilla/5.0 (Windows NT 10.0; Win64; x64) AppleWebKit/537.36 (KHTML, like Gecko) Chrome/145.0.7632.6 Safari/537.36,149.102.251.99,,,,,
779fcb8f-5196-4892-831d-499a102a595f,6e0d252b-a959-4eca-b91e-bc1f097387cf,Fri Mar 06 2026 16:47:56 GMT-0400 (Horário Padrão do Amazonas),Fri Mar 06 2026 16:47:56 GMT-0400 (Horário Padrão do Amazonas),,aal1,,,Mozilla/5.0 (Windows NT 10.0; Win64; x64) AppleWebKit/537.36 (KHTML, like Gecko) Chrome/145.0.7632.6 Safari/537.36,149.102.251.99,,,,,
04179c3f-bd1d-4fc1-afd4-656bb4ffc2ec,93e7a2f5-2f00-4a45-8a73-3d95b21f8a8a,Mon Feb 16 2026 15:05:58 GMT-0400 (Horário Padrão do Amazonas),Mon Feb 16 2026 15:05:58 GMT-0400 (Horário Padrão do Amazonas),,aal1,,,Mozilla/5.0 (Windows NT 10.0; Win64; x64) AppleWebKit/537.36 (KHTML, like Gecko) Chrome/145.0.7632.6 Safari/537.36,149.102.251.98,,,,,
0e78fd15-771b-4146-9f02-be4724db6dea,6e0d252b-a959-4eca-b91e-bc1f097387cf,Fri Mar 06 2026 16:48:22 GMT-0400 (Horário Padrão do Amazonas),Fri Mar 06 2026 16:48:22 GMT-0400 (Horário Padrão do Amazonas),,aal1,,,Mozilla/5.0 (iPhone; CPU iPhone OS 14_4 like Mac OS X) AppleWebKit/605.1.15 (KHTML, like Gecko) Version/26.0 Mobile/15E148 Safari/604.1,149.102.251.99,,,,,
7575b413-1aaf-4228-87a6-907f59b3d97c,6e0d252b-a959-4eca-b91e-bc1f097387cf,Fri Mar 06 2026 16:48:28 GMT-0400 (Horário Padrão do Amazonas),Fri Mar 06 2026 16:48:28 GMT-0400 (Horário Padrão do Amazonas),,aal1,,,Mozilla/5.0 (iPhone; CPU iPhone OS 14_4 like Mac OS X) AppleWebKit/605.1.15 (KHTML, like Gecko) Version/26.0 Mobile/15E148 Safari/604.1,149.102.251.99,,,,,
44f44c53-44d6-4e5c-babe-bda83842a04d,c408e80a-3125-428a-9090-351691aa2f48,Mon Feb 16 2026 15:07:33 GMT-0400 (Horário Padrão do Amazonas),Mon Feb 16 2026 15:07:33 GMT-0400 (Horário Padrão do Amazonas),,aal1,,,Mozilla/5.0 (Windows NT 10.0; Win64; x64) AppleWebKit/537.36 (KHTML, like Gecko) Chrome/145.0.7632.6 Safari/537.36,149.102.251.98,,,,,
8b5f8bdd-9751-418b-a7f1-eee82ac59547,a3c39e60-b4d9-4b2f-9555-85b436ebcf57,Fri Mar 06 2026 09:55:26 GMT-0400 (Horário Padrão do Amazonas),Fri Mar 06 2026 09:55:26 GMT-0400 (Horário Padrão do Amazonas),,aal1,,,Mozilla/5.0 (Windows NT 10.0; Win64; x64) AppleWebKit/537.36 (KHTML, like Gecko) Chrome/145.0.7632.6 Safari/537.36,149.102.251.99,,,,,
083ba95e-fbb6-41f9-94ae-5c114081db18,a3c39e60-b4d9-4b2f-9555-85b436ebcf57,Fri Mar 06 2026 09:55:32 GMT-0400 (Horário Padrão do Amazonas),Fri Mar 06 2026 09:55:32 GMT-0400 (Horário Padrão do Amazonas),,aal1,,,Mozilla/5.0 (Windows NT 10.0; Win64; x64) AppleWebKit/537.36 (KHTML, like Gecko) Chrome/145.0.7632.6 Safari/537.36,149.102.251.99,,,,,
6c116d1a-35e5-4bfe-8288-d53a6dbea61f,9d79bbb7-1425-4539-8f9a-eee5a92cd887,Mon Feb 16 2026 15:08:51 GMT-0400 (Horário Padrão do Amazonas),Mon Feb 16 2026 15:08:51 GMT-0400 (Horário Padrão do Amazonas),,aal1,,,Mozilla/5.0 (Windows NT 10.0; Win64; x64) AppleWebKit/537.36 (KHTML, like Gecko) Chrome/145.0.7632.6 Safari/537.36,149.102.251.98,,,,,
cc1fbad8-70f8-4075-8c56-ada734b0ad5d,a3c39e60-b4d9-4b2f-9555-85b436ebcf57,Fri Mar 06 2026 09:55:38 GMT-0400 (Horário Padrão do Amazonas),Fri Mar 06 2026 09:55:38 GMT-0400 (Horário Padrão do Amazonas),,aal1,,,Mozilla/5.0 (Windows NT 10.0; Win64; x64) AppleWebKit/537.36 (KHTML, like Gecko) Chrome/145.0.7632.6 Safari/537.36,149.102.251.99,,,,,
f971afde-e395-41d5-aa34-b191a942c51b,cfce9c35-4255-456a-82ab-a308df7c7a39,Mon Feb 16 2026 15:25:09 GMT-0400 (Horário Padrão do Amazonas),Mon Feb 16 2026 15:25:09 GMT-0400 (Horário Padrão do Amazonas),,aal1,,,Mozilla/5.0 (Windows NT 10.0; Win64; x64) AppleWebKit/537.36 (KHTML, like Gecko) Chrome/145.0.7632.6 Safari/537.36,149.102.251.98,,,,,
8ab81080-5cd8-4111-8321-c558459d054e,a3c39e60-b4d9-4b2f-9555-85b436ebcf57,Fri Mar 06 2026 09:55:44 GMT-0400 (Horário Padrão do Amazonas),Fri Mar 06 2026 09:55:44 GMT-0400 (Horário Padrão do Amazonas),,aal1,,,Mozilla/5.0 (Windows NT 10.0; Win64; x64) AppleWebKit/537.36 (KHTML, like Gecko) Chrome/145.0.7632.6 Safari/537.36,149.102.251.99,,,,,
cb147ff7-d94e-461d-8136-ea2d9066405d,a3c39e60-b4d9-4b2f-9555-85b436ebcf57,Fri Mar 06 2026 09:55:48 GMT-0400 (Horário Padrão do Amazonas),Fri Mar 06 2026 09:55:48 GMT-0400 (Horário Padrão do Amazonas),,aal1,,,Mozilla/5.0 (Windows NT 10.0; Win64; x64) AppleWebKit/537.36 (KHTML, like Gecko) Chrome/145.0.7632.6 Safari/537.36,149.102.251.99,,,,,
c8b499d6-e8f6-4595-8e33-28c6e06ce70a,a3c39e60-b4d9-4b2f-9555-85b436ebcf57,Fri Mar 06 2026 09:55:54 GMT-0400 (Horário Padrão do Amazonas),Fri Mar 06 2026 09:55:54 GMT-0400 (Horário Padrão do Amazonas),,aal1,,,Mozilla/5.0 (Windows NT 10.0; Win64; x64) AppleWebKit/537.36 (KHTML, like Gecko) Chrome/145.0.7632.6 Safari/537.36,149.102.251.99,,,,,
a6396f75-6ab0-4bbd-bb35-ca65cc9c2247,f49c0d4c-e063-4838-b715-8f2f28996490,Mon Feb 16 2026 15:26:43 GMT-0400 (Horário Padrão do Amazonas),Mon Feb 16 2026 15:26:43 GMT-0400 (Horário Padrão do Amazonas),,aal1,,,Mozilla/5.0 (Windows NT 10.0; Win64; x64) AppleWebKit/537.36 (KHTML, like Gecko) Chrome/145.0.7632.6 Safari/537.36,149.102.251.98,,,,,
459caaf5-d047-414c-9c20-64133f402225,a3c39e60-b4d9-4b2f-9555-85b436ebcf57,Fri Mar 06 2026 09:56:05 GMT-0400 (Horário Padrão do Amazonas),Fri Mar 06 2026 09:56:05 GMT-0400 (Horário Padrão do Amazonas),,aal1,,,Mozilla/5.0 (iPhone; CPU iPhone OS 14_4 like Mac OS X) AppleWebKit/605.1.15 (KHTML, like Gecko) Version/26.0 Mobile/15E148 Safari/604.1,149.102.251.99,,,,,
98e1e1c7-bb41-484f-a607-7b3b7c12c83f,a3c39e60-b4d9-4b2f-9555-85b436ebcf57,Fri Mar 06 2026 09:56:09 GMT-0400 (Horário Padrão do Amazonas),Fri Mar 06 2026 09:56:09 GMT-0400 (Horário Padrão do Amazonas),,aal1,,,Mozilla/5.0 (iPhone; CPU iPhone OS 14_4 like Mac OS X) AppleWebKit/605.1.15 (KHTML, like Gecko) Version/26.0 Mobile/15E148 Safari/604.1,149.102.251.99,,,,,
00207369-cc3b-40e9-9b08-35a7fea2d0bd,e8746d5c-7416-442b-bfa1-c8f55acf365a,Mon Feb 16 2026 15:28:16 GMT-0400 (Horário Padrão do Amazonas),Mon Feb 16 2026 15:28:16 GMT-0400 (Horário Padrão do Amazonas),,aal1,,,Mozilla/5.0 (Windows NT 10.0; Win64; x64) AppleWebKit/537.36 (KHTML, like Gecko) Chrome/145.0.7632.6 Safari/537.36,149.102.251.98,,,,,
eadc1570-e2c5-4125-a315-39a3ea6f65e8,6e0d252b-a959-4eca-b91e-bc1f097387cf,Fri Mar 06 2026 16:48:33 GMT-0400 (Horário Padrão do Amazonas),Fri Mar 06 2026 16:48:33 GMT-0400 (Horário Padrão do Amazonas),,aal1,,,Mozilla/5.0 (iPhone; CPU iPhone OS 14_4 like Mac OS X) AppleWebKit/605.1.15 (KHTML, like Gecko) Version/26.0 Mobile/15E148 Safari/604.1,149.102.251.99,,,,,
6cd0e1eb-ae91-4c02-b106-0b6901a1b5a4,a3c39e60-b4d9-4b2f-9555-85b436ebcf57,Fri Mar 06 2026 09:56:22 GMT-0400 (Horário Padrão do Amazonas),Fri Mar 06 2026 09:56:22 GMT-0400 (Horário Padrão do Amazonas),,aal1,,,Mozilla/5.0 (iPhone; CPU iPhone OS 14_4 like Mac OS X) AppleWebKit/605.1.15 (KHTML, like Gecko) Version/26.0 Mobile/15E148 Safari/604.1,149.102.251.99,,,,,
4c9a7038-5848-4e5b-a3a9-1e01c0172571,bd98624d-aeb5-454b-8c14-e6a5a3ff2e58,Mon Feb 16 2026 15:29:29 GMT-0400 (Horário Padrão do Amazonas),Mon Feb 16 2026 15:29:29 GMT-0400 (Horário Padrão do Amazonas),,aal1,,,Mozilla/5.0 (Windows NT 10.0; Win64; x64) AppleWebKit/537.36 (KHTML, like Gecko) Chrome/145.0.7632.6 Safari/537.36,149.102.251.98,,,,,
a7ed3145-9310-445c-bf7b-c6324c8d9088,a3c39e60-b4d9-4b2f-9555-85b436ebcf57,Fri Mar 06 2026 09:56:28 GMT-0400 (Horário Padrão do Amazonas),Fri Mar 06 2026 09:56:28 GMT-0400 (Horário Padrão do Amazonas),,aal1,,,Mozilla/5.0 (iPhone; CPU iPhone OS 14_4 like Mac OS X) AppleWebKit/605.1.15 (KHTML, like Gecko) Version/26.0 Mobile/15E148 Safari/604.1,149.102.251.99,,,,,
df6ebc43-7b8d-4d1f-ba29-ff64eb8d1f93,be17fdf0-8901-40ad-be91-bee871205c38,Mon Feb 16 2026 15:34:41 GMT-0400 (Horário Padrão do Amazonas),Mon Feb 16 2026 15:34:41 GMT-0400 (Horário Padrão do Amazonas),,aal1,,,Mozilla/5.0 (Windows NT 10.0; Win64; x64) AppleWebKit/537.36 (KHTML, like Gecko) Chrome/145.0.7632.6 Safari/537.36,149.102.251.98,,,,,
8cb9a4e7-9b3f-462b-8b2a-d6041f354eea,6e0d252b-a959-4eca-b91e-bc1f097387cf,Fri Mar 06 2026 16:43:38 GMT-0400 (Horário Padrão do Amazonas),Fri Mar 06 2026 16:43:38 GMT-0400 (Horário Padrão do Amazonas),,aal1,,,Mozilla/5.0 (Windows NT 10.0; Win64; x64) AppleWebKit/537.36 (KHTML, like Gecko) Chrome/145.0.7632.6 Safari/537.36,149.102.251.99,,,,,
e8c1f4a1-d01e-4480-baa6-abc3194c6918,7957680d-0435-4fad-8d13-0758bebdd881,Mon Feb 16 2026 15:35:33 GMT-0400 (Horário Padrão do Amazonas),Mon Feb 16 2026 15:35:33 GMT-0400 (Horário Padrão do Amazonas),,aal1,,,Mozilla/5.0 (Windows NT 10.0; Win64; x64) AppleWebKit/537.36 (KHTML, like Gecko) Chrome/145.0.7632.6 Safari/537.36,149.102.251.98,,,,,
e6d1af67-de06-47a3-91d5-316c978730d6,6e0d252b-a959-4eca-b91e-bc1f097387cf,Fri Mar 06 2026 16:43:46 GMT-0400 (Horário Padrão do Amazonas),Fri Mar 06 2026 16:43:46 GMT-0400 (Horário Padrão do Amazonas),,aal1,,,Mozilla/5.0 (Windows NT 10.0; Win64; x64) AppleWebKit/537.36 (KHTML, like Gecko) Chrome/145.0.7632.6 Safari/537.36,149.102.251.99,,,,,
8317d93b-cf9a-44f3-b921-18f330132ba5,2351bf16-ae94-4b7c-8e09-d4b19f571e0e,Mon Feb 16 2026 15:36:43 GMT-0400 (Horário Padrão do Amazonas),Mon Feb 16 2026 15:36:43 GMT-0400 (Horário Padrão do Amazonas),,aal1,,,Mozilla/5.0 (Windows NT 10.0; Win64; x64) AppleWebKit/537.36 (KHTML, like Gecko) Chrome/145.0.7632.6 Safari/537.36,149.102.251.98,,,,,
e4d3082b-7352-4de6-baec-ae54a8a0683a,4e2d4e1d-bfdc-4095-b1c8-69126f6f08a7,Mon Feb 16 2026 16:21:33 GMT-0400 (Horário Padrão do Amazonas),Mon Feb 16 2026 16:21:33 GMT-0400 (Horário Padrão do Amazonas),,aal1,,,Mozilla/5.0 (Windows NT 10.0; Win64; x64) AppleWebKit/537.36 (KHTML, like Gecko) Chrome/145.0.7632.6 Safari/537.36,149.102.251.98,,,,,
95386d31-6862-472e-be3c-da231703d182,6e0d252b-a959-4eca-b91e-bc1f097387cf,Fri Mar 06 2026 16:44:23 GMT-0400 (Horário Padrão do Amazonas),Fri Mar 06 2026 16:44:23 GMT-0400 (Horário Padrão do Amazonas),,aal1,,,Mozilla/5.0 (iPhone; CPU iPhone OS 14_4 like Mac OS X) AppleWebKit/605.1.15 (KHTML, like Gecko) Version/26.0 Mobile/15E148 Safari/604.1,149.102.251.99,,,,,
4a269da2-b6bf-470a-bbce-fd7a5abb0c6f,fbeb35cf-f4af-41bf-9819-492e0797b251,Mon Feb 16 2026 15:38:23 GMT-0400 (Horário Padrão do Amazonas),Mon Feb 16 2026 15:38:23 GMT-0400 (Horário Padrão do Amazonas),,aal1,,,Mozilla/5.0 (Windows NT 10.0; Win64; x64) AppleWebKit/537.36 (KHTML, like Gecko) Chrome/145.0.7632.6 Safari/537.36,149.102.251.98,,,,,
c5d8b0cb-733d-4a68-b9c3-9267663c2874,6e0d252b-a959-4eca-b91e-bc1f097387cf,Fri Mar 06 2026 16:44:28 GMT-0400 (Horário Padrão do Amazonas),Fri Mar 06 2026 16:44:28 GMT-0400 (Horário Padrão do Amazonas),,aal1,,,Mozilla/5.0 (iPhone; CPU iPhone OS 14_4 like Mac OS X) AppleWebKit/605.1.15 (KHTML, like Gecko) Version/26.0 Mobile/15E148 Safari/604.1,149.102.251.99,,,,,
027ad8ed-ffbc-4117-85d9-5ddccd4af3a7,6e0d252b-a959-4eca-b91e-bc1f097387cf,Fri Mar 06 2026 16:44:32 GMT-0400 (Horário Padrão do Amazonas),Fri Mar 06 2026 16:44:32 GMT-0400 (Horário Padrão do Amazonas),,aal1,,,Mozilla/5.0 (iPhone; CPU iPhone OS 14_4 like Mac OS X) AppleWebKit/605.1.15 (KHTML, like Gecko) Version/26.0 Mobile/15E148 Safari/604.1,149.102.251.99,,,,,
74b3724a-4d7d-4786-b970-1c6a25b80c6f,b7e2b6cd-6743-4a71-b7af-59880ab07270,Mon Feb 16 2026 15:39:36 GMT-0400 (Horário Padrão do Amazonas),Mon Feb 16 2026 15:39:36 GMT-0400 (Horário Padrão do Amazonas),,aal1,,,Mozilla/5.0 (Windows NT 10.0; Win64; x64) AppleWebKit/537.36 (KHTML, like Gecko) Chrome/145.0.7632.6 Safari/537.36,149.102.251.98,,,,,
33261233-a433-4665-a97e-fc25785ee5bf,6e0d252b-a959-4eca-b91e-bc1f097387cf,Fri Mar 06 2026 16:50:18 GMT-0400 (Horário Padrão do Amazonas),Fri Mar 06 2026 16:50:18 GMT-0400 (Horário Padrão do Amazonas),,aal1,,,Mozilla/5.0 (Windows NT 10.0; Win64; x64) AppleWebKit/537.36 (KHTML, like Gecko) Chrome/145.0.7632.6 Safari/537.36,149.102.251.99,,,,,
b57726c4-4167-4a7a-aa4b-267558971b81,6e0d252b-a959-4eca-b91e-bc1f097387cf,Fri Mar 06 2026 16:50:26 GMT-0400 (Horário Padrão do Amazonas),Fri Mar 06 2026 16:50:26 GMT-0400 (Horário Padrão do Amazonas),,aal1,,,Mozilla/5.0 (Windows NT 10.0; Win64; x64) AppleWebKit/537.36 (KHTML, like Gecko) Chrome/145.0.7632.6 Safari/537.36,149.102.251.99,,,,,
112a6119-7187-40c4-93c4-6db9e70084b8,fdd98b47-acae-4b52-bd13-315910ef3c40,Mon Feb 16 2026 15:43:53 GMT-0400 (Horário Padrão do Amazonas),Mon Feb 16 2026 15:43:53 GMT-0400 (Horário Padrão do Amazonas),,aal1,,,Mozilla/5.0 (Windows NT 10.0; Win64; x64) AppleWebKit/537.36 (KHTML, like Gecko) Chrome/145.0.7632.6 Safari/537.36,149.102.251.98,,,,,
08b435fe-1cbd-46fc-8eb6-668c3e4627bf,6e0d252b-a959-4eca-b91e-bc1f097387cf,Fri Mar 06 2026 16:50:32 GMT-0400 (Horário Padrão do Amazonas),Fri Mar 06 2026 16:50:32 GMT-0400 (Horário Padrão do Amazonas),,aal1,,,Mozilla/5.0 (Windows NT 10.0; Win64; x64) AppleWebKit/537.36 (KHTML, like Gecko) Chrome/145.0.7632.6 Safari/537.36,149.102.251.99,,,,,
c1e2f3e5-df31-47ab-9ade-e20ef83c2221,6e0d252b-a959-4eca-b91e-bc1f097387cf,Fri Mar 06 2026 16:50:56 GMT-0400 (Horário Padrão do Amazonas),Fri Mar 06 2026 16:50:56 GMT-0400 (Horário Padrão do Amazonas),,aal1,,,Mozilla/5.0 (iPhone; CPU iPhone OS 14_4 like Mac OS X) AppleWebKit/605.1.15 (KHTML, like Gecko) Version/26.0 Mobile/15E148 Safari/604.1,149.102.251.99,,,,,
1b556a9a-eafe-4f27-813a-7721a270d453,fba9f0c1-fbb6-464a-9d26-2fe04a00626c,Mon Feb 16 2026 15:45:04 GMT-0400 (Horário Padrão do Amazonas),Mon Feb 16 2026 15:45:04 GMT-0400 (Horário Padrão do Amazonas),,aal1,,,Mozilla/5.0 (Windows NT 10.0; Win64; x64) AppleWebKit/537.36 (KHTML, like Gecko) Chrome/145.0.7632.6 Safari/537.36,149.102.251.98,,,,,
88340ac4-b759-43cb-862f-58ca263196a0,6e0d252b-a959-4eca-b91e-bc1f097387cf,Fri Mar 06 2026 16:51:00 GMT-0400 (Horário Padrão do Amazonas),Fri Mar 06 2026 16:51:00 GMT-0400 (Horário Padrão do Amazonas),,aal1,,,Mozilla/5.0 (iPhone; CPU iPhone OS 14_4 like Mac OS X) AppleWebKit/605.1.15 (KHTML, like Gecko) Version/26.0 Mobile/15E148 Safari/604.1,149.102.251.99,,,,,
5efc925f-6bb6-433d-8419-c4fad9149c0f,6e0d252b-a959-4eca-b91e-bc1f097387cf,Fri Mar 06 2026 16:51:06 GMT-0400 (Horário Padrão do Amazonas),Fri Mar 06 2026 16:51:06 GMT-0400 (Horário Padrão do Amazonas),,aal1,,,Mozilla/5.0 (iPhone; CPU iPhone OS 14_4 like Mac OS X) AppleWebKit/605.1.15 (KHTML, like Gecko) Version/26.0 Mobile/15E148 Safari/604.1,149.102.251.99,,,,,
43188614-9719-49f7-b80e-a6d9038da505,6e0d252b-a959-4eca-b91e-bc1f097387cf,Fri Mar 06 2026 16:54:51 GMT-0400 (Horário Padrão do Amazonas),Fri Mar 06 2026 16:54:51 GMT-0400 (Horário Padrão do Amazonas),,aal1,,,Mozilla/5.0 (iPhone; CPU iPhone OS 14_4 like Mac OS X) AppleWebKit/605.1.15 (KHTML, like Gecko) Version/26.0 Mobile/15E148 Safari/604.1,149.102.251.99,,,,,
cb875b53-de12-4644-91ec-79748896dfa5,6e0d252b-a959-4eca-b91e-bc1f097387cf,Fri Mar 06 2026 16:54:54 GMT-0400 (Horário Padrão do Amazonas),Fri Mar 06 2026 16:54:54 GMT-0400 (Horário Padrão do Amazonas),,aal1,,,Mozilla/5.0 (iPhone; CPU iPhone OS 14_4 like Mac OS X) AppleWebKit/605.1.15 (KHTML, like Gecko) Version/26.0 Mobile/15E148 Safari/604.1,149.102.251.99,,,,,
59f59227-7d90-419a-9059-43b00d0edfad,6e0d252b-a959-4eca-b91e-bc1f097387cf,Fri Mar 06 2026 16:54:59 GMT-0400 (Horário Padrão do Amazonas),Fri Mar 06 2026 16:54:59 GMT-0400 (Horário Padrão do Amazonas),,aal1,,,Mozilla/5.0 (iPhone; CPU iPhone OS 14_4 like Mac OS X) AppleWebKit/605.1.15 (KHTML, like Gecko) Version/26.0 Mobile/15E148 Safari/604.1,149.102.251.99,,,,,
5d828e8f-7616-418a-81e3-e6d67766b13b,6e0d252b-a959-4eca-b91e-bc1f097387cf,Fri Mar 06 2026 17:00:22 GMT-0400 (Horário Padrão do Amazonas),Fri Mar 06 2026 17:00:22 GMT-0400 (Horário Padrão do Amazonas),,aal1,,,Mozilla/5.0 (Windows NT 10.0; Win64; x64) AppleWebKit/537.36 (KHTML, like Gecko) Chrome/145.0.7632.6 Safari/537.36,149.102.251.99,,,,,
39646196-5bf5-4db4-95b7-b43bc461223c,6e0d252b-a959-4eca-b91e-bc1f097387cf,Fri Mar 06 2026 17:00:28 GMT-0400 (Horário Padrão do Amazonas),Fri Mar 06 2026 17:00:28 GMT-0400 (Horário Padrão do Amazonas),,aal1,,,Mozilla/5.0 (Windows NT 10.0; Win64; x64) AppleWebKit/537.36 (KHTML, like Gecko) Chrome/145.0.7632.6 Safari/537.36,149.102.251.99,,,,,
d7d0f164-5a01-4f3a-aed2-0aebdac6bc01,6e0d252b-a959-4eca-b91e-bc1f097387cf,Fri Mar 06 2026 17:00:34 GMT-0400 (Horário Padrão do Amazonas),Fri Mar 06 2026 17:00:34 GMT-0400 (Horário Padrão do Amazonas),,aal1,,,Mozilla/5.0 (Windows NT 10.0; Win64; x64) AppleWebKit/537.36 (KHTML, like Gecko) Chrome/145.0.7632.6 Safari/537.36,149.102.251.99,,,,,
e5fdd198-9097-4469-8b0d-d6f7edd97294,6e0d252b-a959-4eca-b91e-bc1f097387cf,Fri Mar 06 2026 17:00:57 GMT-0400 (Horário Padrão do Amazonas),Fri Mar 06 2026 17:00:57 GMT-0400 (Horário Padrão do Amazonas),,aal1,,,Mozilla/5.0 (iPhone; CPU iPhone OS 14_4 like Mac OS X) AppleWebKit/605.1.15 (KHTML, like Gecko) Version/26.0 Mobile/15E148 Safari/604.1,149.102.251.99,,,,,
721bb5b2-a158-482f-87ea-8d898d70e2d0,6e0d252b-a959-4eca-b91e-bc1f097387cf,Fri Mar 06 2026 17:01:01 GMT-0400 (Horário Padrão do Amazonas),Fri Mar 06 2026 17:01:01 GMT-0400 (Horário Padrão do Amazonas),,aal1,,,Mozilla/5.0 (iPhone; CPU iPhone OS 14_4 like Mac OS X) AppleWebKit/605.1.15 (KHTML, like Gecko) Version/26.0 Mobile/15E148 Safari/604.1,149.102.251.99,,,,,
845f1026-39f7-480f-9309-69e1716d251e,6e0d252b-a959-4eca-b91e-bc1f097387cf,Fri Mar 06 2026 17:01:05 GMT-0400 (Horário Padrão do Amazonas),Fri Mar 06 2026 17:01:05 GMT-0400 (Horário Padrão do Amazonas),,aal1,,,Mozilla/5.0 (iPhone; CPU iPhone OS 14_4 like Mac OS X) AppleWebKit/605.1.15 (KHTML, like Gecko) Version/26.0 Mobile/15E148 Safari/604.1,149.102.251.99,,,,,
a84f8ef3-6d72-4797-bf8b-831e281fbf52,6e0d252b-a959-4eca-b91e-bc1f097387cf,Sat Mar 07 2026 06:59:30 GMT-0400 (Horário Padrão do Amazonas),Sat Mar 07 2026 06:59:30 GMT-0400 (Horário Padrão do Amazonas),,aal1,,,Mozilla/5.0 (Windows NT 10.0; Win64; x64) AppleWebKit/537.36 (KHTML, like Gecko) Chrome/145.0.7632.6 Safari/537.36,149.102.251.99,,,,,
705f3aa8-b6d6-49c6-8c4d-922f02b5bdb0,6e0d252b-a959-4eca-b91e-bc1f097387cf,Sat Mar 07 2026 06:59:41 GMT-0400 (Horário Padrão do Amazonas),Sat Mar 07 2026 06:59:41 GMT-0400 (Horário Padrão do Amazonas),,aal1,,,Mozilla/5.0 (Windows NT 10.0; Win64; x64) AppleWebKit/537.36 (KHTML, like Gecko) Chrome/145.0.7632.6 Safari/537.36,149.102.251.99,,,,,
595f0820-2431-472a-948a-fcea6d3a5dac,6e0d252b-a959-4eca-b91e-bc1f097387cf,Sat Mar 07 2026 06:59:49 GMT-0400 (Horário Padrão do Amazonas),Sat Mar 07 2026 06:59:49 GMT-0400 (Horário Padrão do Amazonas),,aal1,,,Mozilla/5.0 (Windows NT 10.0; Win64; x64) AppleWebKit/537.36 (KHTML, like Gecko) Chrome/145.0.7632.6 Safari/537.36,149.102.251.99,,,,,
163799e2-b6a4-4bcb-b573-3068f26960c9,6e0d252b-a959-4eca-b91e-bc1f097387cf,Sat Mar 07 2026 07:00:06 GMT-0400 (Horário Padrão do Amazonas),Sat Mar 07 2026 07:00:06 GMT-0400 (Horário Padrão do Amazonas),,aal1,,,Mozilla/5.0 (iPhone; CPU iPhone OS 14_4 like Mac OS X) AppleWebKit/605.1.15 (KHTML, like Gecko) Version/26.0 Mobile/15E148 Safari/604.1,149.102.251.99,,,,,
ca24d098-6001-40d3-8f6c-44d93deb4304,6e0d252b-a959-4eca-b91e-bc1f097387cf,Sat Mar 07 2026 07:00:11 GMT-0400 (Horário Padrão do Amazonas),Sat Mar 07 2026 07:00:11 GMT-0400 (Horário Padrão do Amazonas),,aal1,,,Mozilla/5.0 (iPhone; CPU iPhone OS 14_4 like Mac OS X) AppleWebKit/605.1.15 (KHTML, like Gecko) Version/26.0 Mobile/15E148 Safari/604.1,149.102.251.99,,,,,
e3ca9de2-02c9-4aee-a7ad-25058ef1324c,6e0d252b-a959-4eca-b91e-bc1f097387cf,Sat Mar 07 2026 07:00:15 GMT-0400 (Horário Padrão do Amazonas),Sat Mar 07 2026 07:00:15 GMT-0400 (Horário Padrão do Amazonas),,aal1,,,Mozilla/5.0 (iPhone; CPU iPhone OS 14_4 like Mac OS X) AppleWebKit/605.1.15 (KHTML, like Gecko) Version/26.0 Mobile/15E148 Safari/604.1,149.102.251.99,,,,,
2054629d-8ea3-401b-8e07-387613ff1e60,6e0d252b-a959-4eca-b91e-bc1f097387cf,Sat Mar 07 2026 07:04:13 GMT-0400 (Horário Padrão do Amazonas),Sat Mar 07 2026 07:04:13 GMT-0400 (Horário Padrão do Amazonas),,aal1,,,Mozilla/5.0 (Windows NT 10.0; Win64; x64) AppleWebKit/537.36 (KHTML, like Gecko) Chrome/145.0.7632.6 Safari/537.36,149.102.251.99,,,,,
8a1b7144-4c23-4af8-82e1-3e86ab5169ec,6e0d252b-a959-4eca-b91e-bc1f097387cf,Sat Mar 07 2026 07:04:30 GMT-0400 (Horário Padrão do Amazonas),Sat Mar 07 2026 07:04:30 GMT-0400 (Horário Padrão do Amazonas),,aal1,,,Mozilla/5.0 (iPhone; CPU iPhone OS 14_4 like Mac OS X) AppleWebKit/605.1.15 (KHTML, like Gecko) Version/26.0 Mobile/15E148 Safari/604.1,149.102.251.99,,,,,
14840354-d1b4-4d44-b46e-1f772006fc69,6e0d252b-a959-4eca-b91e-bc1f097387cf,Sat Mar 07 2026 07:04:35 GMT-0400 (Horário Padrão do Amazonas),Sat Mar 07 2026 07:04:35 GMT-0400 (Horário Padrão do Amazonas),,aal1,,,Mozilla/5.0 (iPhone; CPU iPhone OS 14_4 like Mac OS X) AppleWebKit/605.1.15 (KHTML, like Gecko) Version/26.0 Mobile/15E148 Safari/604.1,149.102.251.99,,,,,
b83c82e1-2732-4259-9cb6-b8bfae2847f6,6e0d252b-a959-4eca-b91e-bc1f097387cf,Sat Mar 07 2026 07:04:40 GMT-0400 (Horário Padrão do Amazonas),Sat Mar 07 2026 07:04:40 GMT-0400 (Horário Padrão do Amazonas),,aal1,,,Mozilla/5.0 (iPhone; CPU iPhone OS 14_4 like Mac OS X) AppleWebKit/605.1.15 (KHTML, like Gecko) Version/26.0 Mobile/15E148 Safari/604.1,149.102.251.99,,,,,
b6d8c74c-18c6-4232-8f2b-359c6f7e9a62,6e0d252b-a959-4eca-b91e-bc1f097387cf,Sat Mar 07 2026 07:08:18 GMT-0400 (Horário Padrão do Amazonas),Sat Mar 07 2026 07:08:18 GMT-0400 (Horário Padrão do Amazonas),,aal1,,,Mozilla/5.0 (Windows NT 10.0; Win64; x64) AppleWebKit/537.36 (KHTML, like Gecko) Chrome/145.0.7632.6 Safari/537.36,149.102.251.99,,,,,
50f9c3c4-85f0-4234-a6aa-e2866176aeb0,6e0d252b-a959-4eca-b91e-bc1f097387cf,Sat Mar 07 2026 07:08:28 GMT-0400 (Horário Padrão do Amazonas),Sat Mar 07 2026 07:08:28 GMT-0400 (Horário Padrão do Amazonas),,aal1,,,Mozilla/5.0 (Windows NT 10.0; Win64; x64) AppleWebKit/537.36 (KHTML, like Gecko) Chrome/145.0.7632.6 Safari/537.36,149.102.251.99,,,,,
85a430a1-4697-440e-9e81-5143df7e496a,6e0d252b-a959-4eca-b91e-bc1f097387cf,Sat Mar 07 2026 07:08:46 GMT-0400 (Horário Padrão do Amazonas),Sat Mar 07 2026 07:08:46 GMT-0400 (Horário Padrão do Amazonas),,aal1,,,Mozilla/5.0 (iPhone; CPU iPhone OS 14_4 like Mac OS X) AppleWebKit/605.1.15 (KHTML, like Gecko) Version/26.0 Mobile/15E148 Safari/604.1,149.102.251.99,,,,,
f41dabe9-42e9-43f4-a31b-97804990e8ca,6e0d252b-a959-4eca-b91e-bc1f097387cf,Sat Mar 07 2026 07:08:51 GMT-0400 (Horário Padrão do Amazonas),Sat Mar 07 2026 07:08:51 GMT-0400 (Horário Padrão do Amazonas),,aal1,,,Mozilla/5.0 (iPhone; CPU iPhone OS 14_4 like Mac OS X) AppleWebKit/605.1.15 (KHTML, like Gecko) Version/26.0 Mobile/15E148 Safari/604.1,149.102.251.99,,,,,
0f732102-777a-4d3d-a925-22231887ec48,6e0d252b-a959-4eca-b91e-bc1f097387cf,Sat Mar 07 2026 07:08:54 GMT-0400 (Horário Padrão do Amazonas),Sat Mar 07 2026 07:08:54 GMT-0400 (Horário Padrão do Amazonas),,aal1,,,Mozilla/5.0 (iPhone; CPU iPhone OS 14_4 like Mac OS X) AppleWebKit/605.1.15 (KHTML, like Gecko) Version/26.0 Mobile/15E148 Safari/604.1,149.102.251.99,,,,,
28d90f51-11b9-4dc2-879e-14f3d9e221a9,6e0d252b-a959-4eca-b91e-bc1f097387cf,Sat Mar 07 2026 07:09:58 GMT-0400 (Horário Padrão do Amazonas),Sat Mar 07 2026 07:09:58 GMT-0400 (Horário Padrão do Amazonas),,aal1,,,Mozilla/5.0 (Windows NT 10.0; Win64; x64) AppleWebKit/537.36 (KHTML, like Gecko) Chrome/145.0.7632.6 Safari/537.36,149.102.251.99,,,,,
fe476b73-7bbd-4270-8bf3-78ccf29676d8,6e0d252b-a959-4eca-b91e-bc1f097387cf,Sat Mar 07 2026 07:10:05 GMT-0400 (Horário Padrão do Amazonas),Sat Mar 07 2026 07:10:05 GMT-0400 (Horário Padrão do Amazonas),,aal1,,,Mozilla/5.0 (Windows NT 10.0; Win64; x64) AppleWebKit/537.36 (KHTML, like Gecko) Chrome/145.0.7632.6 Safari/537.36,149.102.251.99,,,,,
45d06ed5-6edb-431d-b809-4dba68e49664,6e0d252b-a959-4eca-b91e-bc1f097387cf,Sat Mar 07 2026 07:10:14 GMT-0400 (Horário Padrão do Amazonas),Sat Mar 07 2026 07:10:14 GMT-0400 (Horário Padrão do Amazonas),,aal1,,,Mozilla/5.0 (Windows NT 10.0; Win64; x64) AppleWebKit/537.36 (KHTML, like Gecko) Chrome/145.0.7632.6 Safari/537.36,149.102.251.99,,,,,
6de387b8-6814-4b87-9ef4-9dce6bcac3a5,6e0d252b-a959-4eca-b91e-bc1f097387cf,Sat Mar 07 2026 07:10:24 GMT-0400 (Horário Padrão do Amazonas),Sat Mar 07 2026 07:10:24 GMT-0400 (Horário Padrão do Amazonas),,aal1,,,Mozilla/5.0 (iPhone; CPU iPhone OS 14_4 like Mac OS X) AppleWebKit/605.1.15 (KHTML, like Gecko) Version/26.0 Mobile/15E148 Safari/604.1,149.102.251.99,,,,,
4477864a-d850-4a35-8c0e-100193315b67,6e0d252b-a959-4eca-b91e-bc1f097387cf,Sat Mar 07 2026 07:10:28 GMT-0400 (Horário Padrão do Amazonas),Sat Mar 07 2026 07:10:28 GMT-0400 (Horário Padrão do Amazonas),,aal1,,,Mozilla/5.0 (iPhone; CPU iPhone OS 14_4 like Mac OS X) AppleWebKit/605.1.15 (KHTML, like Gecko) Version/26.0 Mobile/15E148 Safari/604.1,149.102.251.99,,,,,
ced8f0fd-efd9-43d5-8c67-86d70acee57f,6e0d252b-a959-4eca-b91e-bc1f097387cf,Sat Mar 07 2026 07:10:32 GMT-0400 (Horário Padrão do Amazonas),Sat Mar 07 2026 07:10:32 GMT-0400 (Horário Padrão do Amazonas),,aal1,,,Mozilla/5.0 (iPhone; CPU iPhone OS 14_4 like Mac OS X) AppleWebKit/605.1.15 (KHTML, like Gecko) Version/26.0 Mobile/15E148 Safari/604.1,149.102.251.99,,,,,
97547649-933b-4326-a2ed-e7872cfbe364,6e0d252b-a959-4eca-b91e-bc1f097387cf,Sat Mar 07 2026 07:13:36 GMT-0400 (Horário Padrão do Amazonas),Sat Mar 07 2026 07:13:36 GMT-0400 (Horário Padrão do Amazonas),,aal1,,,Mozilla/5.0 (Windows NT 10.0; Win64; x64) AppleWebKit/537.36 (KHTML, like Gecko) Chrome/145.0.7632.6 Safari/537.36,149.102.251.99,,,,,
19ac2b44-da5d-49a9-a787-efa156b09156,6e0d252b-a959-4eca-b91e-bc1f097387cf,Sat Mar 07 2026 07:13:47 GMT-0400 (Horário Padrão do Amazonas),Sat Mar 07 2026 07:13:47 GMT-0400 (Horário Padrão do Amazonas),,aal1,,,Mozilla/5.0 (Windows NT 10.0; Win64; x64) AppleWebKit/537.36 (KHTML, like Gecko) Chrome/145.0.7632.6 Safari/537.36,149.102.251.99,,,,,
ea920b14-5a6b-4a27-9da5-8d659f371b39,6e0d252b-a959-4eca-b91e-bc1f097387cf,Sat Mar 07 2026 07:14:07 GMT-0400 (Horário Padrão do Amazonas),Sat Mar 07 2026 07:14:07 GMT-0400 (Horário Padrão do Amazonas),,aal1,,,Mozilla/5.0 (iPhone; CPU iPhone OS 14_4 like Mac OS X) AppleWebKit/605.1.15 (KHTML, like Gecko) Version/26.0 Mobile/15E148 Safari/604.1,149.102.251.99,,,,,
9efa30e1-a66d-400b-8774-1bd3f1f5fe13,6e0d252b-a959-4eca-b91e-bc1f097387cf,Sat Mar 07 2026 07:14:11 GMT-0400 (Horário Padrão do Amazonas),Sat Mar 07 2026 07:14:11 GMT-0400 (Horário Padrão do Amazonas),,aal1,,,Mozilla/5.0 (iPhone; CPU iPhone OS 14_4 like Mac OS X) AppleWebKit/605.1.15 (KHTML, like Gecko) Version/26.0 Mobile/15E148 Safari/604.1,149.102.251.99,,,,,
8e12b40e-2821-40b7-9ae5-24f1b1a81708,6e0d252b-a959-4eca-b91e-bc1f097387cf,Sat Mar 07 2026 07:14:15 GMT-0400 (Horário Padrão do Amazonas),Sat Mar 07 2026 07:14:15 GMT-0400 (Horário Padrão do Amazonas),,aal1,,,Mozilla/5.0 (iPhone; CPU iPhone OS 14_4 like Mac OS X) AppleWebKit/605.1.15 (KHTML, like Gecko) Version/26.0 Mobile/15E148 Safari/604.1,149.102.251.99,,,,,
cb5777a1-df0f-4396-a716-45119e4432db,6e0d252b-a959-4eca-b91e-bc1f097387cf,Sat Mar 07 2026 07:14:19 GMT-0400 (Horário Padrão do Amazonas),Sat Mar 07 2026 07:14:19 GMT-0400 (Horário Padrão do Amazonas),,aal1,,,Mozilla/5.0 (iPhone; CPU iPhone OS 14_4 like Mac OS X) AppleWebKit/605.1.15 (KHTML, like Gecko) Version/26.0 Mobile/15E148 Safari/604.1,149.102.251.99,,,,,
21ed8c19-6920-438d-a95a-fb3f802c8f2a,6e0d252b-a959-4eca-b91e-bc1f097387cf,Sat Mar 07 2026 07:15:24 GMT-0400 (Horário Padrão do Amazonas),Sat Mar 07 2026 07:15:24 GMT-0400 (Horário Padrão do Amazonas),,aal1,,,Mozilla/5.0 (Windows NT 10.0; Win64; x64) AppleWebKit/537.36 (KHTML, like Gecko) Chrome/145.0.7632.6 Safari/537.36,149.102.251.99,,,,,
138fc4e3-71a3-441f-b278-655c138f2e20,6e0d252b-a959-4eca-b91e-bc1f097387cf,Sat Mar 07 2026 07:15:46 GMT-0400 (Horário Padrão do Amazonas),Sat Mar 07 2026 07:15:46 GMT-0400 (Horário Padrão do Amazonas),,aal1,,,Mozilla/5.0 (iPhone; CPU iPhone OS 14_4 like Mac OS X) AppleWebKit/605.1.15 (KHTML, like Gecko) Version/26.0 Mobile/15E148 Safari/604.1,149.102.251.99,,,,,
1a8a5fe2-6e97-46cb-a3f1-83c5f1e26df9,6e0d252b-a959-4eca-b91e-bc1f097387cf,Sat Mar 07 2026 07:15:52 GMT-0400 (Horário Padrão do Amazonas),Sat Mar 07 2026 07:15:52 GMT-0400 (Horário Padrão do Amazonas),,aal1,,,Mozilla/5.0 (iPhone; CPU iPhone OS 14_4 like Mac OS X) AppleWebKit/605.1.15 (KHTML, like Gecko) Version/26.0 Mobile/15E148 Safari/604.1,149.102.251.99,,,,,
72e7ad30-1a66-4f7b-a0ae-c407da58ff27,6e0d252b-a959-4eca-b91e-bc1f097387cf,Sat Mar 07 2026 07:16:07 GMT-0400 (Horário Padrão do Amazonas),Sat Mar 07 2026 07:16:07 GMT-0400 (Horário Padrão do Amazonas),,aal1,,,Mozilla/5.0 (iPhone; CPU iPhone OS 14_4 like Mac OS X) AppleWebKit/605.1.15 (KHTML, like Gecko) Version/26.0 Mobile/15E148 Safari/604.1,149.102.251.99,,,,,
9be199dd-f80d-41f8-b004-c50223347617,6e0d252b-a959-4eca-b91e-bc1f097387cf,Sat Mar 07 2026 07:16:11 GMT-0400 (Horário Padrão do Amazonas),Sat Mar 07 2026 07:16:11 GMT-0400 (Horário Padrão do Amazonas),,aal1,,,Mozilla/5.0 (iPhone; CPU iPhone OS 14_4 like Mac OS X) AppleWebKit/605.1.15 (KHTML, like Gecko) Version/26.0 Mobile/15E148 Safari/604.1,149.102.251.99,,,,,
fcb14c05-5a4f-4f00-9eda-43c1981d8e7a,6e0d252b-a959-4eca-b91e-bc1f097387cf,Sat Mar 07 2026 07:17:05 GMT-0400 (Horário Padrão do Amazonas),Sat Mar 07 2026 07:17:05 GMT-0400 (Horário Padrão do Amazonas),,aal1,,,Mozilla/5.0 (Windows NT 10.0; Win64; x64) AppleWebKit/537.36 (KHTML, like Gecko) Chrome/145.0.7632.6 Safari/537.36,149.102.251.99,,,,,
3a3c8599-b76e-4559-9145-84965c29472b,6e0d252b-a959-4eca-b91e-bc1f097387cf,Sat Mar 07 2026 07:17:21 GMT-0400 (Horário Padrão do Amazonas),Sat Mar 07 2026 07:17:21 GMT-0400 (Horário Padrão do Amazonas),,aal1,,,Mozilla/5.0 (iPhone; CPU iPhone OS 14_4 like Mac OS X) AppleWebKit/605.1.15 (KHTML, like Gecko) Version/26.0 Mobile/15E148 Safari/604.1,149.102.251.99,,,,,
476fdf58-4b06-440d-8e7b-5ab3969761ef,6e0d252b-a959-4eca-b91e-bc1f097387cf,Sat Mar 07 2026 07:17:24 GMT-0400 (Horário Padrão do Amazonas),Sat Mar 07 2026 07:17:24 GMT-0400 (Horário Padrão do Amazonas),,aal1,,,Mozilla/5.0 (iPhone; CPU iPhone OS 14_4 like Mac OS X) AppleWebKit/605.1.15 (KHTML, like Gecko) Version/26.0 Mobile/15E148 Safari/604.1,149.102.251.99,,,,,
ea5df78f-2f9d-47d1-af62-fc01ba28a4fa,6e0d252b-a959-4eca-b91e-bc1f097387cf,Sat Mar 07 2026 07:17:28 GMT-0400 (Horário Padrão do Amazonas),Sat Mar 07 2026 07:17:28 GMT-0400 (Horário Padrão do Amazonas),,aal1,,,Mozilla/5.0 (iPhone; CPU iPhone OS 14_4 like Mac OS X) AppleWebKit/605.1.15 (KHTML, like Gecko) Version/26.0 Mobile/15E148 Safari/604.1,149.102.251.99,,,,,
0667adc6-08d7-4b10-bb6e-96667c240d23,6e0d252b-a959-4eca-b91e-bc1f097387cf,Sat Mar 07 2026 07:17:31 GMT-0400 (Horário Padrão do Amazonas),Sat Mar 07 2026 07:17:31 GMT-0400 (Horário Padrão do Amazonas),,aal1,,,Mozilla/5.0 (iPhone; CPU iPhone OS 14_4 like Mac OS X) AppleWebKit/605.1.15 (KHTML, like Gecko) Version/26.0 Mobile/15E148 Safari/604.1,149.102.251.99,,,,,
059bcf58-94f1-485e-b8ea-95e505ddd4ca,6e0d252b-a959-4eca-b91e-bc1f097387cf,Sat Mar 07 2026 07:18:45 GMT-0400 (Horário Padrão do Amazonas),Sat Mar 07 2026 07:18:45 GMT-0400 (Horário Padrão do Amazonas),,aal1,,,Mozilla/5.0 (Windows NT 10.0; Win64; x64) AppleWebKit/537.36 (KHTML, like Gecko) Chrome/145.0.7632.6 Safari/537.36,149.102.251.99,,,,,
e27a8b09-b7eb-4bf5-9e64-57933e756f5f,6e0d252b-a959-4eca-b91e-bc1f097387cf,Sat Mar 07 2026 07:19:15 GMT-0400 (Horário Padrão do Amazonas),Sat Mar 07 2026 07:19:15 GMT-0400 (Horário Padrão do Amazonas),,aal1,,,Mozilla/5.0 (iPhone; CPU iPhone OS 14_4 like Mac OS X) AppleWebKit/605.1.15 (KHTML, like Gecko) Version/26.0 Mobile/15E148 Safari/604.1,149.102.251.99,,,,,
10051af9-7fa6-4a7a-a2af-e3a98ca7e721,6e0d252b-a959-4eca-b91e-bc1f097387cf,Sat Mar 07 2026 07:19:19 GMT-0400 (Horário Padrão do Amazonas),Sat Mar 07 2026 07:19:19 GMT-0400 (Horário Padrão do Amazonas),,aal1,,,Mozilla/5.0 (iPhone; CPU iPhone OS 14_4 like Mac OS X) AppleWebKit/605.1.15 (KHTML, like Gecko) Version/26.0 Mobile/15E148 Safari/604.1,149.102.251.99,,,,,
fbeb3d17-c99a-48d0-aac8-7ab4185045c3,6e0d252b-a959-4eca-b91e-bc1f097387cf,Sat Mar 07 2026 07:19:24 GMT-0400 (Horário Padrão do Amazonas),Sat Mar 07 2026 07:19:24 GMT-0400 (Horário Padrão do Amazonas),,aal1,,,Mozilla/5.0 (iPhone; CPU iPhone OS 14_4 like Mac OS X) AppleWebKit/605.1.15 (KHTML, like Gecko) Version/26.0 Mobile/15E148 Safari/604.1,149.102.251.99,,,,,
2c577eb0-ff84-4a97-9e75-63901227baf4,6e0d252b-a959-4eca-b91e-bc1f097387cf,Sat Mar 07 2026 07:19:31 GMT-0400 (Horário Padrão do Amazonas),Sat Mar 07 2026 07:19:31 GMT-0400 (Horário Padrão do Amazonas),,aal1,,,Mozilla/5.0 (iPhone; CPU iPhone OS 14_4 like Mac OS X) AppleWebKit/605.1.15 (KHTML, like Gecko) Version/26.0 Mobile/15E148 Safari/604.1,149.102.251.99,,,,,
cb07e991-82af-499f-a037-19b6cb14e3a5,6e0d252b-a959-4eca-b91e-bc1f097387cf,Sat Mar 07 2026 07:23:18 GMT-0400 (Horário Padrão do Amazonas),Sat Mar 07 2026 07:23:18 GMT-0400 (Horário Padrão do Amazonas),,aal1,,,Mozilla/5.0 (Windows NT 10.0; Win64; x64) AppleWebKit/537.36 (KHTML, like Gecko) Chrome/145.0.7632.6 Safari/537.36,149.102.251.99,,,,,
581f0dae-0e70-42ef-bc3b-9d43ab807d61,6e0d252b-a959-4eca-b91e-bc1f097387cf,Sat Mar 07 2026 07:23:31 GMT-0400 (Horário Padrão do Amazonas),Sat Mar 07 2026 07:23:31 GMT-0400 (Horário Padrão do Amazonas),,aal1,,,Mozilla/5.0 (Windows NT 10.0; Win64; x64) AppleWebKit/537.36 (KHTML, like Gecko) Chrome/145.0.7632.6 Safari/537.36,149.102.251.99,,,,,
caa7c369-5150-42ef-8955-1dfca3c35036,6e0d252b-a959-4eca-b91e-bc1f097387cf,Sat Mar 07 2026 07:23:41 GMT-0400 (Horário Padrão do Amazonas),Sat Mar 07 2026 07:23:41 GMT-0400 (Horário Padrão do Amazonas),,aal1,,,Mozilla/5.0 (Windows NT 10.0; Win64; x64) AppleWebKit/537.36 (KHTML, like Gecko) Chrome/145.0.7632.6 Safari/537.36,149.102.251.99,,,,,
0b271d04-9700-46e9-9f92-cc7da19ce4e9,6e0d252b-a959-4eca-b91e-bc1f097387cf,Sat Mar 07 2026 07:23:58 GMT-0400 (Horário Padrão do Amazonas),Sat Mar 07 2026 07:23:58 GMT-0400 (Horário Padrão do Amazonas),,aal1,,,Mozilla/5.0 (iPhone; CPU iPhone OS 14_4 like Mac OS X) AppleWebKit/605.1.15 (KHTML, like Gecko) Version/26.0 Mobile/15E148 Safari/604.1,149.102.251.99,,,,,
8fd76e48-d15a-4f37-9316-aab2ba84a1a4,6e0d252b-a959-4eca-b91e-bc1f097387cf,Sat Mar 07 2026 07:24:03 GMT-0400 (Horário Padrão do Amazonas),Sat Mar 07 2026 07:24:03 GMT-0400 (Horário Padrão do Amazonas),,aal1,,,Mozilla/5.0 (iPhone; CPU iPhone OS 14_4 like Mac OS X) AppleWebKit/605.1.15 (KHTML, like Gecko) Version/26.0 Mobile/15E148 Safari/604.1,149.102.251.99,,,,,
66fcff21-85a4-4cf2-b7bb-3551af6a5104,6e0d252b-a959-4eca-b91e-bc1f097387cf,Sat Mar 07 2026 07:24:08 GMT-0400 (Horário Padrão do Amazonas),Sat Mar 07 2026 07:24:08 GMT-0400 (Horário Padrão do Amazonas),,aal1,,,Mozilla/5.0 (iPhone; CPU iPhone OS 14_4 like Mac OS X) AppleWebKit/605.1.15 (KHTML, like Gecko) Version/26.0 Mobile/15E148 Safari/604.1,149.102.251.99,,,,,
f3cf5c9d-c8f3-4a42-ba58-6f2eed417ee9,6e0d252b-a959-4eca-b91e-bc1f097387cf,Sat Mar 07 2026 07:24:13 GMT-0400 (Horário Padrão do Amazonas),Sat Mar 07 2026 07:24:13 GMT-0400 (Horário Padrão do Amazonas),,aal1,,,Mozilla/5.0 (iPhone; CPU iPhone OS 14_4 like Mac OS X) AppleWebKit/605.1.15 (KHTML, like Gecko) Version/26.0 Mobile/15E148 Safari/604.1,149.102.251.99,,,,,
dc16873b-4843-4030-bdc9-567a5b2a50cf,6e0d252b-a959-4eca-b91e-bc1f097387cf,Sat Mar 07 2026 07:25:09 GMT-0400 (Horário Padrão do Amazonas),Sat Mar 07 2026 07:25:09 GMT-0400 (Horário Padrão do Amazonas),,aal1,,,Mozilla/5.0 (Windows NT 10.0; Win64; x64) AppleWebKit/537.36 (KHTML, like Gecko) Chrome/145.0.7632.6 Safari/537.36,149.102.251.99,,,,,
1a15cb6e-889e-445a-ae21-f621cc95bf18,6e0d252b-a959-4eca-b91e-bc1f097387cf,Sat Mar 07 2026 07:25:20 GMT-0400 (Horário Padrão do Amazonas),Sat Mar 07 2026 07:25:20 GMT-0400 (Horário Padrão do Amazonas),,aal1,,,Mozilla/5.0 (Windows NT 10.0; Win64; x64) AppleWebKit/537.36 (KHTML, like Gecko) Chrome/145.0.7632.6 Safari/537.36,149.102.251.99,,,,,
ba9461fc-163a-4da6-b3ff-d2eb890f17f0,6e0d252b-a959-4eca-b91e-bc1f097387cf,Sat Mar 07 2026 07:25:29 GMT-0400 (Horário Padrão do Amazonas),Sat Mar 07 2026 07:25:29 GMT-0400 (Horário Padrão do Amazonas),,aal1,,,Mozilla/5.0 (Windows NT 10.0; Win64; x64) AppleWebKit/537.36 (KHTML, like Gecko) Chrome/145.0.7632.6 Safari/537.36,149.102.251.99,,,,,
03a538d2-4071-4991-983d-13b05dfc4132,6e0d252b-a959-4eca-b91e-bc1f097387cf,Sat Mar 07 2026 07:25:43 GMT-0400 (Horário Padrão do Amazonas),Sat Mar 07 2026 07:25:43 GMT-0400 (Horário Padrão do Amazonas),,aal1,,,Mozilla/5.0 (iPhone; CPU iPhone OS 14_4 like Mac OS X) AppleWebKit/605.1.15 (KHTML, like Gecko) Version/26.0 Mobile/15E148 Safari/604.1,149.102.251.99,,,,,
f6242e8a-592d-49fd-8af8-6731cb59f62b,6e0d252b-a959-4eca-b91e-bc1f097387cf,Sat Mar 07 2026 07:25:58 GMT-0400 (Horário Padrão do Amazonas),Sat Mar 07 2026 07:25:58 GMT-0400 (Horário Padrão do Amazonas),,aal1,,,Mozilla/5.0 (iPhone; CPU iPhone OS 14_4 like Mac OS X) AppleWebKit/605.1.15 (KHTML, like Gecko) Version/26.0 Mobile/15E148 Safari/604.1,149.102.251.99,,,,,
cbacbb94-ab78-486b-9733-63ca4c07e76d,6e0d252b-a959-4eca-b91e-bc1f097387cf,Sat Mar 07 2026 07:26:03 GMT-0400 (Horário Padrão do Amazonas),Sat Mar 07 2026 07:26:03 GMT-0400 (Horário Padrão do Amazonas),,aal1,,,Mozilla/5.0 (iPhone; CPU iPhone OS 14_4 like Mac OS X) AppleWebKit/605.1.15 (KHTML, like Gecko) Version/26.0 Mobile/15E148 Safari/604.1,149.102.251.99,,,,,
15b021e7-c55a-4429-b6fa-cfa20a604732,6e0d252b-a959-4eca-b91e-bc1f097387cf,Sat Mar 07 2026 07:26:09 GMT-0400 (Horário Padrão do Amazonas),Sat Mar 07 2026 07:26:09 GMT-0400 (Horário Padrão do Amazonas),,aal1,,,Mozilla/5.0 (iPhone; CPU iPhone OS 14_4 like Mac OS X) AppleWebKit/605.1.15 (KHTML, like Gecko) Version/26.0 Mobile/15E148 Safari/604.1,149.102.251.99,,,,,
7c7766ef-3a44-4a1f-8987-6035b07860a8,6e0d252b-a959-4eca-b91e-bc1f097387cf,Sat Mar 07 2026 07:28:53 GMT-0400 (Horário Padrão do Amazonas),Sat Mar 07 2026 07:28:53 GMT-0400 (Horário Padrão do Amazonas),,aal1,,,Mozilla/5.0 (Windows NT 10.0; Win64; x64) AppleWebKit/537.36 (KHTML, like Gecko) Chrome/145.0.7632.6 Safari/537.36,149.102.251.99,,,,,
c5955c81-330b-4be2-9417-f6a8eda79829,6e0d252b-a959-4eca-b91e-bc1f097387cf,Sat Mar 07 2026 07:29:04 GMT-0400 (Horário Padrão do Amazonas),Sat Mar 07 2026 07:29:04 GMT-0400 (Horário Padrão do Amazonas),,aal1,,,Mozilla/5.0 (Windows NT 10.0; Win64; x64) AppleWebKit/537.36 (KHTML, like Gecko) Chrome/145.0.7632.6 Safari/537.36,149.102.251.99,,,,,
f8efa9ae-9556-4f5f-9330-a8b3e9984b8d,6e0d252b-a959-4eca-b91e-bc1f097387cf,Sat Mar 07 2026 07:29:11 GMT-0400 (Horário Padrão do Amazonas),Sat Mar 07 2026 07:29:11 GMT-0400 (Horário Padrão do Amazonas),,aal1,,,Mozilla/5.0 (Windows NT 10.0; Win64; x64) AppleWebKit/537.36 (KHTML, like Gecko) Chrome/145.0.7632.6 Safari/537.36,149.102.251.99,,,,,
0a48ad06-58ef-411f-a784-5f0f87756514,6e0d252b-a959-4eca-b91e-bc1f097387cf,Sat Mar 07 2026 07:29:19 GMT-0400 (Horário Padrão do Amazonas),Sat Mar 07 2026 07:29:19 GMT-0400 (Horário Padrão do Amazonas),,aal1,,,Mozilla/5.0 (Windows NT 10.0; Win64; x64) AppleWebKit/537.36 (KHTML, like Gecko) Chrome/145.0.7632.6 Safari/537.36,149.102.251.99,,,,,
f76f7a32-05fd-49c1-a041-c4aeab4a7314,6e0d252b-a959-4eca-b91e-bc1f097387cf,Sat Mar 07 2026 07:29:28 GMT-0400 (Horário Padrão do Amazonas),Sat Mar 07 2026 07:29:28 GMT-0400 (Horário Padrão do Amazonas),,aal1,,,Mozilla/5.0 (iPhone; CPU iPhone OS 14_4 like Mac OS X) AppleWebKit/605.1.15 (KHTML, like Gecko) Version/26.0 Mobile/15E148 Safari/604.1,149.102.251.99,,,,,
acd9c3f2-2f75-4b4b-8434-9ec61b81f49a,6e0d252b-a959-4eca-b91e-bc1f097387cf,Sat Mar 07 2026 07:29:31 GMT-0400 (Horário Padrão do Amazonas),Sat Mar 07 2026 07:29:31 GMT-0400 (Horário Padrão do Amazonas),,aal1,,,Mozilla/5.0 (iPhone; CPU iPhone OS 14_4 like Mac OS X) AppleWebKit/605.1.15 (KHTML, like Gecko) Version/26.0 Mobile/15E148 Safari/604.1,149.102.251.99,,,,,
e6e08083-e506-416c-8504-e4b64e364f7f,6e0d252b-a959-4eca-b91e-bc1f097387cf,Sat Mar 07 2026 07:29:34 GMT-0400 (Horário Padrão do Amazonas),Sat Mar 07 2026 07:29:34 GMT-0400 (Horário Padrão do Amazonas),,aal1,,,Mozilla/5.0 (iPhone; CPU iPhone OS 14_4 like Mac OS X) AppleWebKit/605.1.15 (KHTML, like Gecko) Version/26.0 Mobile/15E148 Safari/604.1,149.102.251.99,,,,,
63606a85-6777-49af-b681-00eea8cdcc74,6e0d252b-a959-4eca-b91e-bc1f097387cf,Sat Mar 07 2026 07:29:37 GMT-0400 (Horário Padrão do Amazonas),Sat Mar 07 2026 07:29:37 GMT-0400 (Horário Padrão do Amazonas),,aal1,,,Mozilla/5.0 (iPhone; CPU iPhone OS 14_4 like Mac OS X) AppleWebKit/605.1.15 (KHTML, like Gecko) Version/26.0 Mobile/15E148 Safari/604.1,149.102.251.99,,,,,
9aedd0e8-01f1-44df-b556-24e5feee1a57,6e0d252b-a959-4eca-b91e-bc1f097387cf,Sat Mar 07 2026 07:31:48 GMT-0400 (Horário Padrão do Amazonas),Sat Mar 07 2026 07:31:48 GMT-0400 (Horário Padrão do Amazonas),,aal1,,,Mozilla/5.0 (Windows NT 10.0; Win64; x64) AppleWebKit/537.36 (KHTML, like Gecko) Chrome/145.0.7632.6 Safari/537.36,149.102.251.99,,,,,
6096fe7d-a80b-45df-a7ee-630813f8114f,6e0d252b-a959-4eca-b91e-bc1f097387cf,Sat Mar 07 2026 07:31:55 GMT-0400 (Horário Padrão do Amazonas),Sat Mar 07 2026 07:31:55 GMT-0400 (Horário Padrão do Amazonas),,aal1,,,Mozilla/5.0 (Windows NT 10.0; Win64; x64) AppleWebKit/537.36 (KHTML, like Gecko) Chrome/145.0.7632.6 Safari/537.36,149.102.251.99,,,,,
c5a844d9-47f3-453f-b683-f16d0462c976,6e0d252b-a959-4eca-b91e-bc1f097387cf,Sat Mar 07 2026 07:32:02 GMT-0400 (Horário Padrão do Amazonas),Sat Mar 07 2026 07:32:02 GMT-0400 (Horário Padrão do Amazonas),,aal1,,,Mozilla/5.0 (Windows NT 10.0; Win64; x64) AppleWebKit/537.36 (KHTML, like Gecko) Chrome/145.0.7632.6 Safari/537.36,149.102.251.99,,,,,
f6275fe1-92e7-41a7-ac5a-daa7b2c99c5f,6e0d252b-a959-4eca-b91e-bc1f097387cf,Sat Mar 07 2026 07:32:11 GMT-0400 (Horário Padrão do Amazonas),Sat Mar 07 2026 07:32:11 GMT-0400 (Horário Padrão do Amazonas),,aal1,,,Mozilla/5.0 (iPhone; CPU iPhone OS 14_4 like Mac OS X) AppleWebKit/605.1.15 (KHTML, like Gecko) Version/26.0 Mobile/15E148 Safari/604.1,149.102.251.99,,,,,
fc583dc2-ee12-400a-a391-ede83e874f57,6e0d252b-a959-4eca-b91e-bc1f097387cf,Sat Mar 07 2026 07:32:14 GMT-0400 (Horário Padrão do Amazonas),Sat Mar 07 2026 07:32:14 GMT-0400 (Horário Padrão do Amazonas),,aal1,,,Mozilla/5.0 (iPhone; CPU iPhone OS 14_4 like Mac OS X) AppleWebKit/605.1.15 (KHTML, like Gecko) Version/26.0 Mobile/15E148 Safari/604.1,149.102.251.99,,,,,
ec5faee5-bfa9-4383-bea1-3f23babe9fc3,6e0d252b-a959-4eca-b91e-bc1f097387cf,Sat Mar 07 2026 07:32:17 GMT-0400 (Horário Padrão do Amazonas),Sat Mar 07 2026 07:32:17 GMT-0400 (Horário Padrão do Amazonas),,aal1,,,Mozilla/5.0 (iPhone; CPU iPhone OS 14_4 like Mac OS X) AppleWebKit/605.1.15 (KHTML, like Gecko) Version/26.0 Mobile/15E148 Safari/604.1,149.102.251.99,,,,,
d593a33b-7342-454e-8752-7a64f5a8f5ed,6e0d252b-a959-4eca-b91e-bc1f097387cf,Sat Mar 07 2026 07:34:59 GMT-0400 (Horário Padrão do Amazonas),Sat Mar 07 2026 07:34:59 GMT-0400 (Horário Padrão do Amazonas),,aal1,,,Mozilla/5.0 (Windows NT 10.0; Win64; x64) AppleWebKit/537.36 (KHTML, like Gecko) Chrome/145.0.7632.6 Safari/537.36,149.102.251.99,,,,,
5a1027ff-ecff-451d-a892-b2c3824f16b5,6e0d252b-a959-4eca-b91e-bc1f097387cf,Sat Mar 07 2026 07:35:13 GMT-0400 (Horário Padrão do Amazonas),Sat Mar 07 2026 07:35:13 GMT-0400 (Horário Padrão do Amazonas),,aal1,,,Mozilla/5.0 (iPhone; CPU iPhone OS 14_4 like Mac OS X) AppleWebKit/605.1.15 (KHTML, like Gecko) Version/26.0 Mobile/15E148 Safari/604.1,149.102.251.99,,,,,
7221589f-2740-4571-88b7-30a8e6780d52,6e0d252b-a959-4eca-b91e-bc1f097387cf,Sat Mar 07 2026 07:35:17 GMT-0400 (Horário Padrão do Amazonas),Sat Mar 07 2026 07:35:17 GMT-0400 (Horário Padrão do Amazonas),,aal1,,,Mozilla/5.0 (iPhone; CPU iPhone OS 14_4 like Mac OS X) AppleWebKit/605.1.15 (KHTML, like Gecko) Version/26.0 Mobile/15E148 Safari/604.1,149.102.251.99,,,,,
cea7c08b-8402-4040-9055-18481d2c6697,6e0d252b-a959-4eca-b91e-bc1f097387cf,Sat Mar 07 2026 07:35:20 GMT-0400 (Horário Padrão do Amazonas),Sat Mar 07 2026 07:35:20 GMT-0400 (Horário Padrão do Amazonas),,aal1,,,Mozilla/5.0 (iPhone; CPU iPhone OS 14_4 like Mac OS X) AppleWebKit/605.1.15 (KHTML, like Gecko) Version/26.0 Mobile/15E148 Safari/604.1,149.102.251.99,,,,,
e1d69601-fc48-4cdb-9836-46b482f6289e,6e0d252b-a959-4eca-b91e-bc1f097387cf,Sat Mar 07 2026 07:36:18 GMT-0400 (Horário Padrão do Amazonas),Sat Mar 07 2026 07:36:18 GMT-0400 (Horário Padrão do Amazonas),,aal1,,,Mozilla/5.0 (Windows NT 10.0; Win64; x64) AppleWebKit/537.36 (KHTML, like Gecko) Chrome/145.0.7632.6 Safari/537.36,149.102.251.99,,,,,
e3be77ca-af57-4383-b2d3-09ac4b4aed15,6e0d252b-a959-4eca-b91e-bc1f097387cf,Sat Mar 07 2026 07:36:31 GMT-0400 (Horário Padrão do Amazonas),Sat Mar 07 2026 07:36:31 GMT-0400 (Horário Padrão do Amazonas),,aal1,,,Mozilla/5.0 (Windows NT 10.0; Win64; x64) AppleWebKit/537.36 (KHTML, like Gecko) Chrome/145.0.7632.6 Safari/537.36,149.102.251.99,,,,,
8b3e1c33-da55-42fa-9d3f-1e3727ca7f5d,6e0d252b-a959-4eca-b91e-bc1f097387cf,Sat Mar 07 2026 07:36:45 GMT-0400 (Horário Padrão do Amazonas),Sat Mar 07 2026 07:36:45 GMT-0400 (Horário Padrão do Amazonas),,aal1,,,Mozilla/5.0 (iPhone; CPU iPhone OS 14_4 like Mac OS X) AppleWebKit/605.1.15 (KHTML, like Gecko) Version/26.0 Mobile/15E148 Safari/604.1,149.102.251.99,,,,,
33f9276f-5c67-44e3-8f7e-a827d294174c,6e0d252b-a959-4eca-b91e-bc1f097387cf,Sat Mar 07 2026 07:36:48 GMT-0400 (Horário Padrão do Amazonas),Sat Mar 07 2026 07:36:48 GMT-0400 (Horário Padrão do Amazonas),,aal1,,,Mozilla/5.0 (iPhone; CPU iPhone OS 14_4 like Mac OS X) AppleWebKit/605.1.15 (KHTML, like Gecko) Version/26.0 Mobile/15E148 Safari/604.1,149.102.251.99,,,,,
83fdc38a-0232-4901-bfb7-f0f4b056a8f9,6e0d252b-a959-4eca-b91e-bc1f097387cf,Sat Mar 07 2026 07:36:52 GMT-0400 (Horário Padrão do Amazonas),Sat Mar 07 2026 07:36:52 GMT-0400 (Horário Padrão do Amazonas),,aal1,,,Mozilla/5.0 (iPhone; CPU iPhone OS 14_4 like Mac OS X) AppleWebKit/605.1.15 (KHTML, like Gecko) Version/26.0 Mobile/15E148 Safari/604.1,149.102.251.99,,,,,
1806d9a9-bfc3-4627-a49f-01b1fc1ede9a,6e0d252b-a959-4eca-b91e-bc1f097387cf,Sat Mar 07 2026 07:37:27 GMT-0400 (Horário Padrão do Amazonas),Sat Mar 07 2026 07:37:27 GMT-0400 (Horário Padrão do Amazonas),,aal1,,,Mozilla/5.0 (Windows NT 10.0; Win64; x64) AppleWebKit/537.36 (KHTML, like Gecko) Chrome/145.0.7632.6 Safari/537.36,149.102.251.99,,,,,
4a5ce2aa-5bf4-445e-a6c5-53108852b775,6e0d252b-a959-4eca-b91e-bc1f097387cf,Sat Mar 07 2026 07:37:41 GMT-0400 (Horário Padrão do Amazonas),Sat Mar 07 2026 07:37:41 GMT-0400 (Horário Padrão do Amazonas),,aal1,,,Mozilla/5.0 (Windows NT 10.0; Win64; x64) AppleWebKit/537.36 (KHTML, like Gecko) Chrome/145.0.7632.6 Safari/537.36,149.102.251.99,,,,,
e944c0ae-e26b-41d4-8929-9aecabae0c4d,6e0d252b-a959-4eca-b91e-bc1f097387cf,Sat Mar 07 2026 07:38:09 GMT-0400 (Horário Padrão do Amazonas),Sat Mar 07 2026 07:38:09 GMT-0400 (Horário Padrão do Amazonas),,aal1,,,Mozilla/5.0 (iPhone; CPU iPhone OS 14_4 like Mac OS X) AppleWebKit/605.1.15 (KHTML, like Gecko) Version/26.0 Mobile/15E148 Safari/604.1,149.102.251.99,,,,,
48fb7634-d0ee-486a-b1e9-4f7fa291c5eb,6e0d252b-a959-4eca-b91e-bc1f097387cf,Sat Mar 07 2026 07:38:13 GMT-0400 (Horário Padrão do Amazonas),Sat Mar 07 2026 07:38:13 GMT-0400 (Horário Padrão do Amazonas),,aal1,,,Mozilla/5.0 (iPhone; CPU iPhone OS 14_4 like Mac OS X) AppleWebKit/605.1.15 (KHTML, like Gecko) Version/26.0 Mobile/15E148 Safari/604.1,149.102.251.99,,,,,
96c47421-d1aa-4b62-b896-287839462fa3,6e0d252b-a959-4eca-b91e-bc1f097387cf,Sat Mar 07 2026 07:38:16 GMT-0400 (Horário Padrão do Amazonas),Sat Mar 07 2026 07:38:16 GMT-0400 (Horário Padrão do Amazonas),,aal1,,,Mozilla/5.0 (iPhone; CPU iPhone OS 14_4 like Mac OS X) AppleWebKit/605.1.15 (KHTML, like Gecko) Version/26.0 Mobile/15E148 Safari/604.1,149.102.251.99,,,,,
f09c9473-f546-4cf1-bead-aca6fe742c80,6e0d252b-a959-4eca-b91e-bc1f097387cf,Sat Mar 07 2026 07:39:11 GMT-0400 (Horário Padrão do Amazonas),Sat Mar 07 2026 07:39:11 GMT-0400 (Horário Padrão do Amazonas),,aal1,,,Mozilla/5.0 (Windows NT 10.0; Win64; x64) AppleWebKit/537.36 (KHTML, like Gecko) Chrome/145.0.7632.6 Safari/537.36,149.102.251.99,,,,,
f3ea6d9c-945a-4b1a-928e-ce5b3efce1dc,6e0d252b-a959-4eca-b91e-bc1f097387cf,Sat Mar 07 2026 07:39:28 GMT-0400 (Horário Padrão do Amazonas),Sat Mar 07 2026 07:39:28 GMT-0400 (Horário Padrão do Amazonas),,aal1,,,Mozilla/5.0 (Windows NT 10.0; Win64; x64) AppleWebKit/537.36 (KHTML, like Gecko) Chrome/145.0.7632.6 Safari/537.36,149.102.251.99,,,,,
f5828b41-ded1-4292-a767-573c0488e20f,6e0d252b-a959-4eca-b91e-bc1f097387cf,Sat Mar 07 2026 07:39:52 GMT-0400 (Horário Padrão do Amazonas),Sat Mar 07 2026 07:39:52 GMT-0400 (Horário Padrão do Amazonas),,aal1,,,Mozilla/5.0 (iPhone; CPU iPhone OS 14_4 like Mac OS X) AppleWebKit/605.1.15 (KHTML, like Gecko) Version/26.0 Mobile/15E148 Safari/604.1,149.102.251.99,,,,,
cde38b2e-f332-48aa-809b-48c0f651aa29,6e0d252b-a959-4eca-b91e-bc1f097387cf,Sat Mar 07 2026 07:39:58 GMT-0400 (Horário Padrão do Amazonas),Sat Mar 07 2026 07:39:58 GMT-0400 (Horário Padrão do Amazonas),,aal1,,,Mozilla/5.0 (iPhone; CPU iPhone OS 14_4 like Mac OS X) AppleWebKit/605.1.15 (KHTML, like Gecko) Version/26.0 Mobile/15E148 Safari/604.1,149.102.251.99,,,,,
4d505f96-248b-4bc4-9115-792e579afaaf,6e0d252b-a959-4eca-b91e-bc1f097387cf,Sat Mar 07 2026 07:40:05 GMT-0400 (Horário Padrão do Amazonas),Sat Mar 07 2026 07:40:05 GMT-0400 (Horário Padrão do Amazonas),,aal1,,,Mozilla/5.0 (iPhone; CPU iPhone OS 14_4 like Mac OS X) AppleWebKit/605.1.15 (KHTML, like Gecko) Version/26.0 Mobile/15E148 Safari/604.1,149.102.251.99,,,,,
10cedb2c-a7bd-4008-932b-271f4c606f89,6e0d252b-a959-4eca-b91e-bc1f097387cf,Sat Mar 07 2026 07:40:45 GMT-0400 (Horário Padrão do Amazonas),Sat Mar 07 2026 07:40:45 GMT-0400 (Horário Padrão do Amazonas),,aal1,,,Mozilla/5.0 (Windows NT 10.0; Win64; x64) AppleWebKit/537.36 (KHTML, like Gecko) Chrome/145.0.7632.6 Safari/537.36,149.102.251.99,,,,,
f3d9957f-c70a-4e13-9fa8-5364f07ca595,6e0d252b-a959-4eca-b91e-bc1f097387cf,Sat Mar 07 2026 07:40:57 GMT-0400 (Horário Padrão do Amazonas),Sat Mar 07 2026 07:40:57 GMT-0400 (Horário Padrão do Amazonas),,aal1,,,Mozilla/5.0 (Windows NT 10.0; Win64; x64) AppleWebKit/537.36 (KHTML, like Gecko) Chrome/145.0.7632.6 Safari/537.36,149.102.251.99,,,,,
638ad27b-981c-4241-84fc-fa901edfa9a5,6e0d252b-a959-4eca-b91e-bc1f097387cf,Sat Mar 07 2026 07:41:04 GMT-0400 (Horário Padrão do Amazonas),Sat Mar 07 2026 07:41:04 GMT-0400 (Horário Padrão do Amazonas),,aal1,,,Mozilla/5.0 (Windows NT 10.0; Win64; x64) AppleWebKit/537.36 (KHTML, like Gecko) Chrome/145.0.7632.6 Safari/537.36,149.102.251.99,,,,,
cfad1072-2397-4491-b784-f53ccb635862,6e0d252b-a959-4eca-b91e-bc1f097387cf,Sat Mar 07 2026 07:41:19 GMT-0400 (Horário Padrão do Amazonas),Sat Mar 07 2026 07:41:19 GMT-0400 (Horário Padrão do Amazonas),,aal1,,,Mozilla/5.0 (iPhone; CPU iPhone OS 14_4 like Mac OS X) AppleWebKit/605.1.15 (KHTML, like Gecko) Version/26.0 Mobile/15E148 Safari/604.1,149.102.251.99,,,,,
7787ab3e-5919-4ebf-873a-3e30171ad0b7,6e0d252b-a959-4eca-b91e-bc1f097387cf,Sat Mar 07 2026 07:41:22 GMT-0400 (Horário Padrão do Amazonas),Sat Mar 07 2026 07:41:22 GMT-0400 (Horário Padrão do Amazonas),,aal1,,,Mozilla/5.0 (iPhone; CPU iPhone OS 14_4 like Mac OS X) AppleWebKit/605.1.15 (KHTML, like Gecko) Version/26.0 Mobile/15E148 Safari/604.1,149.102.251.99,,,,,
1d267e8a-7154-4c7b-b925-2400994896c1,6e0d252b-a959-4eca-b91e-bc1f097387cf,Sat Mar 07 2026 07:41:25 GMT-0400 (Horário Padrão do Amazonas),Sat Mar 07 2026 07:41:25 GMT-0400 (Horário Padrão do Amazonas),,aal1,,,Mozilla/5.0 (iPhone; CPU iPhone OS 14_4 like Mac OS X) AppleWebKit/605.1.15 (KHTML, like Gecko) Version/26.0 Mobile/15E148 Safari/604.1,149.102.251.99,,,,,
c4facd90-b523-49f2-bca3-b57880388091,6e0d252b-a959-4eca-b91e-bc1f097387cf,Sat Mar 07 2026 07:42:34 GMT-0400 (Horário Padrão do Amazonas),Sat Mar 07 2026 07:42:34 GMT-0400 (Horário Padrão do Amazonas),,aal1,,,Mozilla/5.0 (Windows NT 10.0; Win64; x64) AppleWebKit/537.36 (KHTML, like Gecko) Chrome/145.0.7632.6 Safari/537.36,149.102.251.99,,,,,
880651fe-0bab-4d43-8318-b71f075137b1,6e0d252b-a959-4eca-b91e-bc1f097387cf,Sat Mar 07 2026 07:42:46 GMT-0400 (Horário Padrão do Amazonas),Sat Mar 07 2026 07:42:46 GMT-0400 (Horário Padrão do Amazonas),,aal1,,,Mozilla/5.0 (Windows NT 10.0; Win64; x64) AppleWebKit/537.36 (KHTML, like Gecko) Chrome/145.0.7632.6 Safari/537.36,149.102.251.99,,,,,
92245549-1d58-4c50-b5ff-68d213e6186c,6e0d252b-a959-4eca-b91e-bc1f097387cf,Sat Mar 07 2026 07:42:54 GMT-0400 (Horário Padrão do Amazonas),Sat Mar 07 2026 07:42:54 GMT-0400 (Horário Padrão do Amazonas),,aal1,,,Mozilla/5.0 (Windows NT 10.0; Win64; x64) AppleWebKit/537.36 (KHTML, like Gecko) Chrome/145.0.7632.6 Safari/537.36,149.102.251.99,,,,,
bf305af3-95a2-495b-bf49-055c235b2f95,6e0d252b-a959-4eca-b91e-bc1f097387cf,Sat Mar 07 2026 07:43:18 GMT-0400 (Horário Padrão do Amazonas),Sat Mar 07 2026 07:43:18 GMT-0400 (Horário Padrão do Amazonas),,aal1,,,Mozilla/5.0 (iPhone; CPU iPhone OS 14_4 like Mac OS X) AppleWebKit/605.1.15 (KHTML, like Gecko) Version/26.0 Mobile/15E148 Safari/604.1,149.102.251.99,,,,,
dd9062b9-bb6f-4ebb-9193-943a3e3d80bc,6e0d252b-a959-4eca-b91e-bc1f097387cf,Sat Mar 07 2026 07:43:21 GMT-0400 (Horário Padrão do Amazonas),Sat Mar 07 2026 07:43:21 GMT-0400 (Horário Padrão do Amazonas),,aal1,,,Mozilla/5.0 (iPhone; CPU iPhone OS 14_4 like Mac OS X) AppleWebKit/605.1.15 (KHTML, like Gecko) Version/26.0 Mobile/15E148 Safari/604.1,149.102.251.99,,,,,
b33c8e58-3a44-46fc-891c-1cfe3cea3cd4,6e0d252b-a959-4eca-b91e-bc1f097387cf,Sat Mar 07 2026 07:43:24 GMT-0400 (Horário Padrão do Amazonas),Sat Mar 07 2026 07:43:24 GMT-0400 (Horário Padrão do Amazonas),,aal1,,,Mozilla/5.0 (iPhone; CPU iPhone OS 14_4 like Mac OS X) AppleWebKit/605.1.15 (KHTML, like Gecko) Version/26.0 Mobile/15E148 Safari/604.1,149.102.251.99,,,,,
401f3274-1b97-45e9-bf2e-a3bff92d97e5,a3c39e60-b4d9-4b2f-9555-85b436ebcf57,Sat Mar 07 2026 07:49:29 GMT-0400 (Horário Padrão do Amazonas),Sat Mar 07 2026 07:49:29 GMT-0400 (Horário Padrão do Amazonas),,aal1,,,Mozilla/5.0 (Windows NT 10.0; Win64; x64) AppleWebKit/537.36 (KHTML, like Gecko) Chrome/145.0.7632.6 Safari/537.36,149.102.251.99,,,,,
36c6fd64-a90e-48ff-95d7-495f47979b24,a3c39e60-b4d9-4b2f-9555-85b436ebcf57,Sat Mar 07 2026 07:49:36 GMT-0400 (Horário Padrão do Amazonas),Sat Mar 07 2026 07:49:36 GMT-0400 (Horário Padrão do Amazonas),,aal1,,,Mozilla/5.0 (Windows NT 10.0; Win64; x64) AppleWebKit/537.36 (KHTML, like Gecko) Chrome/145.0.7632.6 Safari/537.36,149.102.251.99,,,,,
feda3248-4196-4597-9770-eda3aa1b7d10,a3c39e60-b4d9-4b2f-9555-85b436ebcf57,Sat Mar 07 2026 07:49:42 GMT-0400 (Horário Padrão do Amazonas),Sat Mar 07 2026 07:49:42 GMT-0400 (Horário Padrão do Amazonas),,aal1,,,Mozilla/5.0 (Windows NT 10.0; Win64; x64) AppleWebKit/537.36 (KHTML, like Gecko) Chrome/145.0.7632.6 Safari/537.36,149.102.251.99,,,,,
1ac8997d-ecb7-4030-8565-1a40d8b81366,a3c39e60-b4d9-4b2f-9555-85b436ebcf57,Sat Mar 07 2026 07:49:52 GMT-0400 (Horário Padrão do Amazonas),Sat Mar 07 2026 07:49:52 GMT-0400 (Horário Padrão do Amazonas),,aal1,,,Mozilla/5.0 (Windows NT 10.0; Win64; x64) AppleWebKit/537.36 (KHTML, like Gecko) Chrome/145.0.7632.6 Safari/537.36,149.102.251.99,,,,,
1158eab8-b05a-4751-86c7-a57d29c9b20a,a3c39e60-b4d9-4b2f-9555-85b436ebcf57,Sat Mar 07 2026 07:49:58 GMT-0400 (Horário Padrão do Amazonas),Sat Mar 07 2026 07:49:58 GMT-0400 (Horário Padrão do Amazonas),,aal1,,,Mozilla/5.0 (Windows NT 10.0; Win64; x64) AppleWebKit/537.36 (KHTML, like Gecko) Chrome/145.0.7632.6 Safari/537.36,149.102.251.99,,,,,
a738d180-9688-4251-9b8a-8c5e275e5d69,a3c39e60-b4d9-4b2f-9555-85b436ebcf57,Sat Mar 07 2026 07:50:08 GMT-0400 (Horário Padrão do Amazonas),Sat Mar 07 2026 07:50:08 GMT-0400 (Horário Padrão do Amazonas),,aal1,,,Mozilla/5.0 (iPhone; CPU iPhone OS 14_4 like Mac OS X) AppleWebKit/605.1.15 (KHTML, like Gecko) Version/26.0 Mobile/15E148 Safari/604.1,149.102.251.99,,,,,
a316acaa-0e50-4681-bbd7-9472c75d68f3,a3c39e60-b4d9-4b2f-9555-85b436ebcf57,Sat Mar 07 2026 07:50:11 GMT-0400 (Horário Padrão do Amazonas),Sat Mar 07 2026 07:50:11 GMT-0400 (Horário Padrão do Amazonas),,aal1,,,Mozilla/5.0 (iPhone; CPU iPhone OS 14_4 like Mac OS X) AppleWebKit/605.1.15 (KHTML, like Gecko) Version/26.0 Mobile/15E148 Safari/604.1,149.102.251.99,,,,,
c0c42448-b6b9-40ac-bd45-7e69c22a60c2,a3c39e60-b4d9-4b2f-9555-85b436ebcf57,Sat Mar 07 2026 07:50:15 GMT-0400 (Horário Padrão do Amazonas),Sat Mar 07 2026 07:50:15 GMT-0400 (Horário Padrão do Amazonas),,aal1,,,Mozilla/5.0 (iPhone; CPU iPhone OS 14_4 like Mac OS X) AppleWebKit/605.1.15 (KHTML, like Gecko) Version/26.0 Mobile/15E148 Safari/604.1,149.102.251.99,,,,,
7d26e85c-28d9-4060-8326-a37fe03f457f,a3c39e60-b4d9-4b2f-9555-85b436ebcf57,Sat Mar 07 2026 07:50:18 GMT-0400 (Horário Padrão do Amazonas),Sat Mar 07 2026 07:50:18 GMT-0400 (Horário Padrão do Amazonas),,aal1,,,Mozilla/5.0 (iPhone; CPU iPhone OS 14_4 like Mac OS X) AppleWebKit/605.1.15 (KHTML, like Gecko) Version/26.0 Mobile/15E148 Safari/604.1,149.102.251.99,,,,,
378875cb-76ae-403a-b2fb-effd6c88a2c6,a3c39e60-b4d9-4b2f-9555-85b436ebcf57,Sat Mar 07 2026 07:50:33 GMT-0400 (Horário Padrão do Amazonas),Sat Mar 07 2026 07:50:33 GMT-0400 (Horário Padrão do Amazonas),,aal1,,,Mozilla/5.0 (iPhone; CPU iPhone OS 14_4 like Mac OS X) AppleWebKit/605.1.15 (KHTML, like Gecko) Version/26.0 Mobile/15E148 Safari/604.1,149.102.251.99,,,,,
3aa84740-fa65-41b3-a5dc-2b50200bcad8,a3c39e60-b4d9-4b2f-9555-85b436ebcf57,Sat Mar 07 2026 07:51:19 GMT-0400 (Horário Padrão do Amazonas),Sat Mar 07 2026 07:51:19 GMT-0400 (Horário Padrão do Amazonas),,aal1,,,Mozilla/5.0 (Windows NT 10.0; Win64; x64) AppleWebKit/537.36 (KHTML, like Gecko) Chrome/145.0.7632.6 Safari/537.36,149.102.251.99,,,,,
67f48c61-33ae-4667-ac7b-0dd143fbb91c,a3c39e60-b4d9-4b2f-9555-85b436ebcf57,Sat Mar 07 2026 07:51:26 GMT-0400 (Horário Padrão do Amazonas),Sat Mar 07 2026 07:51:26 GMT-0400 (Horário Padrão do Amazonas),,aal1,,,Mozilla/5.0 (Windows NT 10.0; Win64; x64) AppleWebKit/537.36 (KHTML, like Gecko) Chrome/145.0.7632.6 Safari/537.36,149.102.251.99,,,,,
6017c921-87fd-4648-94be-8b8894e86b3f,a3c39e60-b4d9-4b2f-9555-85b436ebcf57,Sat Mar 07 2026 07:51:32 GMT-0400 (Horário Padrão do Amazonas),Sat Mar 07 2026 07:51:32 GMT-0400 (Horário Padrão do Amazonas),,aal1,,,Mozilla/5.0 (Windows NT 10.0; Win64; x64) AppleWebKit/537.36 (KHTML, like Gecko) Chrome/145.0.7632.6 Safari/537.36,149.102.251.99,,,,,
c661cbc3-6f87-4582-8128-7120ea9d6b5c,a3c39e60-b4d9-4b2f-9555-85b436ebcf57,Sat Mar 07 2026 07:51:42 GMT-0400 (Horário Padrão do Amazonas),Sat Mar 07 2026 07:51:42 GMT-0400 (Horário Padrão do Amazonas),,aal1,,,Mozilla/5.0 (Windows NT 10.0; Win64; x64) AppleWebKit/537.36 (KHTML, like Gecko) Chrome/145.0.7632.6 Safari/537.36,149.102.251.99,,,,,
7322a833-1eba-4f4c-83d9-f50c83ce7e85,a3c39e60-b4d9-4b2f-9555-85b436ebcf57,Sat Mar 07 2026 07:51:48 GMT-0400 (Horário Padrão do Amazonas),Sat Mar 07 2026 07:51:48 GMT-0400 (Horário Padrão do Amazonas),,aal1,,,Mozilla/5.0 (Windows NT 10.0; Win64; x64) AppleWebKit/537.36 (KHTML, like Gecko) Chrome/145.0.7632.6 Safari/537.36,149.102.251.99,,,,,
80e5ef2a-e8b1-49d7-9280-fab86d0886ff,a3c39e60-b4d9-4b2f-9555-85b436ebcf57,Sat Mar 07 2026 07:52:00 GMT-0400 (Horário Padrão do Amazonas),Sat Mar 07 2026 07:52:00 GMT-0400 (Horário Padrão do Amazonas),,aal1,,,Mozilla/5.0 (iPhone; CPU iPhone OS 14_4 like Mac OS X) AppleWebKit/605.1.15 (KHTML, like Gecko) Version/26.0 Mobile/15E148 Safari/604.1,149.102.251.99,,,,,
ce8a1e33-fcf2-4f90-8813-cd480356e2e2,a3c39e60-b4d9-4b2f-9555-85b436ebcf57,Sat Mar 07 2026 07:52:16 GMT-0400 (Horário Padrão do Amazonas),Sat Mar 07 2026 07:52:16 GMT-0400 (Horário Padrão do Amazonas),,aal1,,,Mozilla/5.0 (iPhone; CPU iPhone OS 14_4 like Mac OS X) AppleWebKit/605.1.15 (KHTML, like Gecko) Version/26.0 Mobile/15E148 Safari/604.1,149.102.251.99,,,,,
5f52901c-25fa-4115-83a2-9691e33bacfc,a3c39e60-b4d9-4b2f-9555-85b436ebcf57,Sat Mar 07 2026 07:52:20 GMT-0400 (Horário Padrão do Amazonas),Sat Mar 07 2026 07:52:20 GMT-0400 (Horário Padrão do Amazonas),,aal1,,,Mozilla/5.0 (iPhone; CPU iPhone OS 14_4 like Mac OS X) AppleWebKit/605.1.15 (KHTML, like Gecko) Version/26.0 Mobile/15E148 Safari/604.1,149.102.251.99,,,,,
2c83264a-46f8-496e-a0cd-7657d8d53a1f,a3c39e60-b4d9-4b2f-9555-85b436ebcf57,Sat Mar 07 2026 07:52:23 GMT-0400 (Horário Padrão do Amazonas),Sat Mar 07 2026 07:52:23 GMT-0400 (Horário Padrão do Amazonas),,aal1,,,Mozilla/5.0 (iPhone; CPU iPhone OS 14_4 like Mac OS X) AppleWebKit/605.1.15 (KHTML, like Gecko) Version/26.0 Mobile/15E148 Safari/604.1,149.102.251.99,,,,,
a9a35fc0-db37-48c2-a00a-2545bb64bd96,a3c39e60-b4d9-4b2f-9555-85b436ebcf57,Sat Mar 07 2026 07:52:27 GMT-0400 (Horário Padrão do Amazonas),Sat Mar 07 2026 07:52:27 GMT-0400 (Horário Padrão do Amazonas),,aal1,,,Mozilla/5.0 (iPhone; CPU iPhone OS 14_4 like Mac OS X) AppleWebKit/605.1.15 (KHTML, like Gecko) Version/26.0 Mobile/15E148 Safari/604.1,149.102.251.99,,,,,
c7bc80f7-ef85-4d8b-8fc0-eda0e5c7e6e8,a3c39e60-b4d9-4b2f-9555-85b436ebcf57,Sat Mar 07 2026 07:56:15 GMT-0400 (Horário Padrão do Amazonas),Sat Mar 07 2026 07:56:15 GMT-0400 (Horário Padrão do Amazonas),,aal1,,,Mozilla/5.0 (Windows NT 10.0; Win64; x64) AppleWebKit/537.36 (KHTML, like Gecko) Chrome/145.0.7632.6 Safari/537.36,149.102.251.99,,,,,
ca53287b-5240-40f6-bc1b-842b50071d77,a3c39e60-b4d9-4b2f-9555-85b436ebcf57,Sat Mar 07 2026 07:56:22 GMT-0400 (Horário Padrão do Amazonas),Sat Mar 07 2026 07:56:22 GMT-0400 (Horário Padrão do Amazonas),,aal1,,,Mozilla/5.0 (Windows NT 10.0; Win64; x64) AppleWebKit/537.36 (KHTML, like Gecko) Chrome/145.0.7632.6 Safari/537.36,149.102.251.99,,,,,
97b47e15-8a09-48c6-8668-c2c32b787e9e,a3c39e60-b4d9-4b2f-9555-85b436ebcf57,Sat Mar 07 2026 07:56:29 GMT-0400 (Horário Padrão do Amazonas),Sat Mar 07 2026 07:56:29 GMT-0400 (Horário Padrão do Amazonas),,aal1,,,Mozilla/5.0 (Windows NT 10.0; Win64; x64) AppleWebKit/537.36 (KHTML, like Gecko) Chrome/145.0.7632.6 Safari/537.36,149.102.251.99,,,,,
1ea1f949-2af0-4e7a-841f-14ea9f250f8d,a3c39e60-b4d9-4b2f-9555-85b436ebcf57,Sat Mar 07 2026 07:56:37 GMT-0400 (Horário Padrão do Amazonas),Sat Mar 07 2026 07:56:37 GMT-0400 (Horário Padrão do Amazonas),,aal1,,,Mozilla/5.0 (Windows NT 10.0; Win64; x64) AppleWebKit/537.36 (KHTML, like Gecko) Chrome/145.0.7632.6 Safari/537.36,149.102.251.99,,,,,
c40016b2-e041-42e6-b0c1-9d66877bddf7,a3c39e60-b4d9-4b2f-9555-85b436ebcf57,Sat Mar 07 2026 07:56:46 GMT-0400 (Horário Padrão do Amazonas),Sat Mar 07 2026 07:56:46 GMT-0400 (Horário Padrão do Amazonas),,aal1,,,Mozilla/5.0 (Windows NT 10.0; Win64; x64) AppleWebKit/537.36 (KHTML, like Gecko) Chrome/145.0.7632.6 Safari/537.36,149.102.251.99,,,,,
0d91c5db-2654-435f-97cc-1dd13db09dcf,a3c39e60-b4d9-4b2f-9555-85b436ebcf57,Sat Mar 07 2026 07:56:55 GMT-0400 (Horário Padrão do Amazonas),Sat Mar 07 2026 07:56:55 GMT-0400 (Horário Padrão do Amazonas),,aal1,,,Mozilla/5.0 (Windows NT 10.0; Win64; x64) AppleWebKit/537.36 (KHTML, like Gecko) Chrome/145.0.7632.6 Safari/537.36,149.102.251.99,,,,,
f4342622-9f3e-4d14-83c0-7c3bad3b8dcf,a3c39e60-b4d9-4b2f-9555-85b436ebcf57,Sat Mar 07 2026 07:57:06 GMT-0400 (Horário Padrão do Amazonas),Sat Mar 07 2026 07:57:06 GMT-0400 (Horário Padrão do Amazonas),,aal1,,,Mozilla/5.0 (iPhone; CPU iPhone OS 14_4 like Mac OS X) AppleWebKit/605.1.15 (KHTML, like Gecko) Version/26.0 Mobile/15E148 Safari/604.1,149.102.251.99,,,,,
7c6a06e5-7b9c-4896-8dc6-257adfb793b1,a3c39e60-b4d9-4b2f-9555-85b436ebcf57,Sat Mar 07 2026 07:57:09 GMT-0400 (Horário Padrão do Amazonas),Sat Mar 07 2026 07:57:09 GMT-0400 (Horário Padrão do Amazonas),,aal1,,,Mozilla/5.0 (iPhone; CPU iPhone OS 14_4 like Mac OS X) AppleWebKit/605.1.15 (KHTML, like Gecko) Version/26.0 Mobile/15E148 Safari/604.1,149.102.251.99,,,,,
d6df7aed-2bcc-40b6-a1d3-cd389a83b12b,a3c39e60-b4d9-4b2f-9555-85b436ebcf57,Sat Mar 07 2026 07:57:24 GMT-0400 (Horário Padrão do Amazonas),Sat Mar 07 2026 07:57:24 GMT-0400 (Horário Padrão do Amazonas),,aal1,,,Mozilla/5.0 (iPhone; CPU iPhone OS 14_4 like Mac OS X) AppleWebKit/605.1.15 (KHTML, like Gecko) Version/26.0 Mobile/15E148 Safari/604.1,149.102.251.99,,,,,
2863d996-0850-4ce5-ade9-a0e4dca1074b,a3c39e60-b4d9-4b2f-9555-85b436ebcf57,Sat Mar 07 2026 07:57:27 GMT-0400 (Horário Padrão do Amazonas),Sat Mar 07 2026 07:57:27 GMT-0400 (Horário Padrão do Amazonas),,aal1,,,Mozilla/5.0 (iPhone; CPU iPhone OS 14_4 like Mac OS X) AppleWebKit/605.1.15 (KHTML, like Gecko) Version/26.0 Mobile/15E148 Safari/604.1,149.102.251.99,,,,,
9d2c2c3b-3e84-4edd-84c2-f270211a56a4,a3c39e60-b4d9-4b2f-9555-85b436ebcf57,Sat Mar 07 2026 07:57:38 GMT-0400 (Horário Padrão do Amazonas),Sat Mar 07 2026 07:57:38 GMT-0400 (Horário Padrão do Amazonas),,aal1,,,Mozilla/5.0 (iPhone; CPU iPhone OS 14_4 like Mac OS X) AppleWebKit/605.1.15 (KHTML, like Gecko) Version/26.0 Mobile/15E148 Safari/604.1,149.102.251.99,,,,,
f6f8dd08-57a7-4b2d-8150-38b8a2bd4b3b,a3c39e60-b4d9-4b2f-9555-85b436ebcf57,Sat Mar 07 2026 07:57:42 GMT-0400 (Horário Padrão do Amazonas),Sat Mar 07 2026 07:57:42 GMT-0400 (Horário Padrão do Amazonas),,aal1,,,Mozilla/5.0 (iPhone; CPU iPhone OS 14_4 like Mac OS X) AppleWebKit/605.1.15 (KHTML, like Gecko) Version/26.0 Mobile/15E148 Safari/604.1,149.102.251.99,,,,,
2e3b29e5-68f9-4e71-bb44-2af2c7bbf3fc,a3c39e60-b4d9-4b2f-9555-85b436ebcf57,Sat Mar 07 2026 07:57:45 GMT-0400 (Horário Padrão do Amazonas),Sat Mar 07 2026 07:57:45 GMT-0400 (Horário Padrão do Amazonas),,aal1,,,Mozilla/5.0 (iPhone; CPU iPhone OS 14_4 like Mac OS X) AppleWebKit/605.1.15 (KHTML, like Gecko) Version/26.0 Mobile/15E148 Safari/604.1,149.102.251.99,,,,,
b9989194-088b-4865-8bb1-88adff65b5a0,a3c39e60-b4d9-4b2f-9555-85b436ebcf57,Sat Mar 07 2026 07:59:14 GMT-0400 (Horário Padrão do Amazonas),Sat Mar 07 2026 07:59:14 GMT-0400 (Horário Padrão do Amazonas),,aal1,,,Mozilla/5.0 (Windows NT 10.0; Win64; x64) AppleWebKit/537.36 (KHTML, like Gecko) Chrome/145.0.7632.6 Safari/537.36,149.102.251.99,,,,,
17ef4450-1d40-45d5-a23b-9027087800b3,a3c39e60-b4d9-4b2f-9555-85b436ebcf57,Sat Mar 07 2026 07:59:23 GMT-0400 (Horário Padrão do Amazonas),Sat Mar 07 2026 07:59:23 GMT-0400 (Horário Padrão do Amazonas),,aal1,,,Mozilla/5.0 (iPhone; CPU iPhone OS 14_4 like Mac OS X) AppleWebKit/605.1.15 (KHTML, like Gecko) Version/26.0 Mobile/15E148 Safari/604.1,149.102.251.99,,,,,
06bd06bd-3855-4b96-911f-7bce765ad627,a3c39e60-b4d9-4b2f-9555-85b436ebcf57,Sat Mar 07 2026 08:00:29 GMT-0400 (Horário Padrão do Amazonas),Sat Mar 07 2026 08:00:29 GMT-0400 (Horário Padrão do Amazonas),,aal1,,,Mozilla/5.0 (Windows NT 10.0; Win64; x64) AppleWebKit/537.36 (KHTML, like Gecko) Chrome/145.0.7632.6 Safari/537.36,149.102.251.99,,,,,
aca76a72-e7f9-4e50-bd35-44c6c809e3e1,a3c39e60-b4d9-4b2f-9555-85b436ebcf57,Sat Mar 07 2026 08:00:44 GMT-0400 (Horário Padrão do Amazonas),Sat Mar 07 2026 08:00:44 GMT-0400 (Horário Padrão do Amazonas),,aal1,,,Mozilla/5.0 (iPhone; CPU iPhone OS 14_4 like Mac OS X) AppleWebKit/605.1.15 (KHTML, like Gecko) Version/26.0 Mobile/15E148 Safari/604.1,149.102.251.99,,,,,
f1bd9a3a-190f-40f9-8219-feda5fee33d1,a3c39e60-b4d9-4b2f-9555-85b436ebcf57,Fri Mar 06 2026 05:44:49 GMT-0400 (Horário Padrão do Amazonas),Mon Mar 09 2026 10:54:01 GMT-0400 (Horário Padrão do Amazonas),,aal1,,Mon Mar 09 2026 14:54:01 GMT-0400 (Horário Padrão do Amazonas),Mozilla/5.0 (Windows NT 10.0; Win64; x64; rv:148.0) Gecko/20100101 Firefox/148.0,149.102.251.99,,,,,
